9,4,650,182,2,15,0.875,4.125,1.375,1
2,1,724,183,2,30,0.5625,3.375,2.0625,1
7,4,194,181,2,9,0.125,3.0625,0.08333333333334281,1
9,34,110,174,2,0,0.375,2.75,3.083333333333343,1
9,2,342,186,2,7,0.6875,2.0625,2.6875,1
5,18,7,178,3,8,5.0625,1.1875,1.5833333333333428,1
1,36,91,183,3,3,5.1875,0.5,0.5,1
6,11,1892,117,3,29,13.125,12.125,8.166666666666671,1
1,15,1928,116,3,23,11.375,10.3125,5.0625,1
10,14,2164,114,3,32,13.3125,7.3125,0.9375,1
2,16,1732,114,2,38,19.9375,15.3125,34.500000000000014,1
5,13,85,187,2,1,3.0625,6.875,5.0,1
2,5,66,185,2,2,2.0625,7.375,8.1875,1
2,18,1996,117,3,37,18.1875,14.0625,16.91666666666667,1
4,23,2205,119,3,39,14.1875,8.0625,11.020833333333343,1
5,10,61,162,2,3,5.75,2.0,9.520833333333343,1
4,9,40,161,2,23,2.3125,5.3125,22.375,1
0,2,13,132,3,0,5.4375,3.0625,7.083333333333329,1
0,25,3209,150,3,43,19.0,22.875,53.312500000000014,1
16,26,3257,157,4,32,21.75,15.9375,58.0,1
10,13,706,163,2,20,9.5625,6.75,17.166666666666657,1
6,9,727,172,3,29,10.375,5.25,17.458333333333314,1
9,5,612,188,3,25,11.75,5.375,17.520833333333343,1
6,26,3496,159,3,36,17.3125,17.0,61.20833333333334,1
8,27,3527,158,3,45,15.625,19.0,60.3125,1
11,27,3134,156,3,46,20.875,18.5,58.854166666666686,1
13,9,13,180,2,22,6.875,6.9375,5.979166666666686,1
7,8,862,155,3,23,14.6875,11.125,17.4375,1
16,11,570,157,3,21,17.5,4.8125,14.083333333333314,1
0,4,372,168,3,23,6.5,4.8125,17.4375,1
6,9,835,163,3,25,17.5,0.8125,19.916666666666657,1
3,1,564,166,3,11,10.5,1.6875,20.1875,1
0,0,204,208,2,17,6.875,6.375,10.375,1
5,3,132,214,2,12,7.0625,5.75,10.354166666666686,1
3,0,332,206,2,33,18.1875,3.5625,5.1875,1
3,3,794,203,2,15,10.0625,8.125,13.916666666666657,1
19,2,377,172,2,57,14.0625,6.375,2.791666666666657,1
22,3,428,175,2,51,10.8125,2.9375,0.0625,1
15,11,382,167,2,48,11.6875,1.9375,0.4375,1
12,3,377,147,2,30,4.8125,4.375,7.0,1
1,2,370,161,2,24,2.625,4.125,3.791666666666657,1
3,6,429,160,2,21,2.25,2.1875,5.291666666666686,1
11,6,656,209,3,38,13.5625,18.9375,37.729166666666686,1
13,2,649,215,3,22,15.0625,20.625,41.8125,1
3,4,272,213,2,55,4.75,4.0625,0.6458333333333428,1
2,1,177,213,2,46,4.0625,11.0625,0.10416666666665719,1
1,4,133,202,2,46,3.3125,8.6875,0.3333333333333428,1
3,1,251,209,2,27,5.375,4.25,1.3541666666666856,1
4,2,433,180,2,19,1.5625,4.0,2.75,1
4,2,202,181,2,26,1.4375,1.25,5.208333333333314,1
11,8,416,184,2,40,4.9375,3.75,5.833333333333314,1
12,11,528,180,2,16,6.625,2.5625,10.083333333333343,1
6,15,143,160,2,9,4.3125,8.0,5.104166666666657,1
10,7,461,167,2,16,3.6875,8.875,5.5625,1
11,6,221,164,2,16,4.5,9.0625,8.708333333333343,1
7,12,340,167,2,7,3.5,7.375,3.770833333333343,1
10,9,194,168,3,12,7.9375,9.125,11.666666666666686,1
6,4,293,162,3,44,9.0,7.875,8.104166666666657,1
8,5,17,212,2,13,8.6875,3.5,4.104166666666657,1
0,7,346,215,2,18,10.4375,5.375,3.833333333333343,1
27,4,7,211,2,30,2.75,5.1875,2.6041666666666856,1
31,2,107,211,2,2,4.75,8.4375,0.1875,1
5,6,53,147,3,23,7.4375,1.0,2.854166666666657,1
0,9,54,147,3,4,10.3125,4.625,7.729166666666686,1
3,12,1097,170,2,2,2.5,7.875,16.479166666666657,1
5,6,813,159,2,1,1.4375,9.875,22.645833333333343,1
1,8,1290,162,2,24,0.0,8.125,32.208333333333314,1
5,19,640,218,2,12,5.5625,9.0,12.5,1
5,3,173,207,3,5,9.375,7.5,4.666666666666686,1
3,6,58,221,3,15,7.125,6.5625,4.729166666666686,1
5,1,790,212,2,22,8.625,11.625,11.625,1
5,13,909,203,2,11,7.625,7.6875,15.333333333333314,1
5,8,228,178,3,20,6.4375,35.3125,12.9375,1
4,11,292,186,3,2,7.3125,39.1875,12.041666666666671,1
9,0,71,193,3,24,7.5625,34.6875,11.125,1
8,2,424,177,3,13,7.0625,40.5625,12.895833333333343,1
6,1,202,182,2,9,6.6875,35.625,6.479166666666657,1
0,4,29,204,3,12,3.25,31.375,5.770833333333343,1
4,4,100,187,2,12,6.3125,31.0,4.270833333333343,1
1,4,405,184,2,5,7.25,40.25,5.729166666666671,1
6,52,1313,141,2,4,14.3125,11.9375,31.54166666666667,1
11,49,1654,144,2,7,13.3125,11.75,15.666666666666686,1
12,11,1330,142,2,6,12.6875,12.1875,34.749999999999986,1
10,44,1127,157,2,7,15.1875,11.4375,32.22916666666666,1
4,15,1160,156,2,31,13.25,10.25,23.729166666666657,1
2,32,1447,153,2,12,11.9375,12.125,32.33333333333333,1
4,1,724,225,2,6,1.6875,14.0,10.0,1
6,6,262,216,3,2,1.1875,8.9375,1.4791666666666572,1
8,0,217,212,2,11,0.6875,14.3125,1.8125,1
6,10,126,224,2,17,0.625,3.0,10.4375,1
0,5,673,225,2,4,1.3125,11.4375,4.125,1
10,3,824,224,2,20,11.3125,3.4375,11.166666666666686,1
20,3,804,224,2,12,6.9375,15.9375,15.854166666666629,1
13,3,850,222,2,7,1.125,9.1875,15.5625,1
26,4,891,223,2,2,1.375,5.4375,12.520833333333314,1
3,4,875,221,2,4,0.0,18.6875,24.56249999999997,1
12,3,822,232,2,2,1.5625,7.25,14.270833333333371,1
1,2,453,211,1,12,3.5625,1.5,6.791666666666657,1
8,0,230,206,1,14,1.125,3.5,5.625,1
11,7,420,206,1,7,4.1875,2.125,7.854166666666657,1
2,3,471,216,1,15,8.625,0.1875,8.270833333333343,1
2,1,720,214,1,75,3.9375,0.3125,8.145833333333343,1
7,2,333,210,2,5,0.1875,1.0625,4.791666666666657,1
3,5,837,236,3,17,8.25,4.1875,19.145833333333343,1
10,4,940,234,3,14,6.625,16.9375,22.875,1
10,4,680,238,3,19,7.5625,0.9375,11.6875,1
6,0,644,235,3,27,7.0,15.3125,8.666666666666657,1
5,19,145,224,2,17,0.5,13.25,11.729166666666657,1
2,0,80,221,2,22,2.125,12.75,12.5,1
4,1,45,223,2,30,1.6875,10.8125,9.541666666666657,1
10,1,610,233,2,33,1.0625,15.0,10.875,1
5,1,564,231,2,17,3.5625,13.1875,8.875,1
3,1,61,192,2,2,0.875,6.875,4.3125,1
10,2,241,187,2,13,0.6875,6.125,8.916666666666657,1
11,2,72,190,2,6,5.5,5.9375,3.479166666666657,1
1,2,28,192,2,3,5.125,7.3125,1.8958333333333428,1
23,0,114,191,2,15,4.625,9.875,4.0625,1
18,3,222,217,3,21,1.8125,15.375,3.5,1
9,3,120,222,3,32,2.5,8.8125,3.604166666666657,1
14,4,162,223,2,32,9.5625,2.0625,9.895833333333314,1
27,4,143,227,2,11,10.625,0.625,8.291666666666629,1
3,2,34,226,2,37,8.125,0.25,7.25,1
30,0,698,218,2,10,9.25,2.75,14.645833333333343,1
6,2,12,225,2,17,3.4375,3.4375,13.875,1
13,1,333,225,2,21,0.375,8.375,25.916666666666657,1
12,5,347,219,2,43,5.5,2.25,8.1875,1
14,6,592,216,2,20,4.5625,9.75,5.645833333333314,1
13,6,317,209,2,20,8.5,0.4375,9.5,1
8,3,525,216,2,5,5.625,5.5,12.1875,1
14,7,658,216,2,4,4.75,7.875,10.916666666666686,1
5,6,168,219,2,16,2.4375,24.6875,10.25,1
4,2,164,218,2,14,3.875,22.5625,6.8125,1
6,2,209,206,1,20,1.5,17.0625,9.041666666666686,1
9,2,31,210,2,5,0.1875,21.75,11.625,1
17,6,370,224,2,16,6.875,20.8125,11.104166666666657,1
10,3,34,208,2,15,0.375,20.125,9.541666666666657,1
1,42,2471,145,3,6,20.3125,17.0,46.58333333333333,1
3,55,2429,146,3,3,20.5625,19.9375,48.625,1
4,50,2410,144,3,3,19.25,12.5,44.22916666666667,1
0,46,2344,127,3,44,22.9375,13.1875,45.79166666666666,1
2,24,2239,130,3,42,23.0625,15.3125,47.52083333333333,1
4,56,2516,126,3,46,20.625,16.0,49.3125,1
3,41,2429,127,3,43,21.625,8.25,44.875,1
6,43,3011,155,3,34,11.8125,17.125,54.64583333333333,1
3,48,2758,156,3,39,11.625,20.0625,50.83333333333334,1
16,43,3364,156,4,35,14.3125,14.4375,58.60416666666666,1
19,48,3538,156,4,38,12.5,20.5,56.66666666666666,1
18,36,2392,171,3,45,14.3125,15.9375,40.291666666666686,1
7,34,2379,173,3,31,17.1875,13.8125,42.77083333333333,1
1,36,2765,170,4,3,14.625,13.9375,48.374999999999986,1
8,35,3082,171,4,6,11.8125,15.5,49.062499999999986,1
3,74,2645,154,3,40,12.0,21.6875,40.70833333333333,1
0,36,2595,155,3,37,11.4375,22.625,35.97916666666667,1
0,52,2258,163,3,46,17.9375,25.6875,39.83333333333333,1
17,55,1823,161,3,25,16.3125,26.125,40.187500000000014,1
2,35,2958,173,3,53,22.625,32.3125,36.14583333333333,1
5,53,2903,174,3,48,22.0625,25.0,43.375,1
5,22,2988,169,3,55,21.9375,36.5,32.95833333333334,1
4,36,2746,177,3,54,21.875,32.8125,40.02083333333333,1
6,21,2783,176,3,55,17.875,37.5625,42.29166666666667,1
0,19,2143,140,3,40,14.5,10.4375,35.125,1
2,18,1907,139,3,40,13.1875,12.5,39.625,1
3,18,1894,135,3,37,14.125,13.8125,37.937499999999986,1
0,24,2220,141,3,22,13.8125,11.25,40.125,1
3,24,1982,141,3,37,14.1875,14.4375,42.312499999999986,1
1,26,2005,137,3,29,15.75,14.75,41.02083333333333,1
1,24,2401,161,3,14,24.125,16.0,66.41666666666667,1
14,45,2123,158,3,46,21.8125,18.4375,63.125,1
10,6,2686,159,3,21,22.5,13.6875,69.14583333333334,1
4,39,2148,159,3,40,30.125,22.3125,53.27083333333333,1
13,18,2689,161,3,44,27.25,12.9375,63.125000000000014,1
24,48,3449,159,3,60,25.375,22.0625,69.20833333333334,1
4,43,3578,158,3,61,27.3125,19.0,66.27083333333334,1
14,36,3542,159,3,64,27.125,20.3125,67.79166666666667,1
3,42,3574,148,3,71,28.6875,22.125,66.77083333333333,1
13,56,3484,148,3,74,27.8125,22.25,68.83333333333334,1
14,57,3774,148,3,55,29.1875,24.25,66.52083333333333,1
20,26,3400,162,3,58,23.6875,22.625,60.77083333333333,1
2,21,3459,158,3,61,24.0,19.875,55.374999999999986,1
20,25,3618,155,3,61,24.1875,21.3125,54.10416666666666,1
4,33,3156,152,3,38,25.375,15.125,52.187500000000014,1
7,23,3177,151,3,30,21.9375,14.6875,41.375000000000014,1
6,15,2357,127,3,45,22.8125,19.1875,28.41666666666667,1
2,13,2151,125,2,47,24.0,20.625,36.14583333333333,1
12,12,2174,124,2,51,23.0,13.25,35.04166666666667,1
10,13,2118,124,2,33,24.25,20.1875,34.33333333333333,1
10,16,2125,124,2,43,24.1875,10.6875,27.312499999999986,1
6,23,2350,128,2,32,21.75,30.8125,42.39583333333334,1
8,19,2417,128,2,35,21.5,31.4375,43.29166666666666,1
10,32,2423,134,3,44,13.25,19.0,9.583333333333343,1
10,21,2182,134,3,0,13.75,25.6875,10.8125,1
9,32,2517,134,3,39,18.3125,27.125,31.874999999999986,1
22,46,4488,184,3,61,15.9375,29.625,50.47916666666667,1
9,45,4763,182,3,45,17.0625,32.8125,54.97916666666667,1
21,41,3903,175,2,7,23.25,27.6875,49.83333333333334,1
18,38,4145,175,2,46,23.4375,25.625,61.60416666666667,1
15,39,4310,175,2,43,22.9375,21.25,64.06249999999999,1
2,24,13,139,2,38,16.125,15.4375,43.85416666666667,1
0,12,1209,149,2,27,12.875,5.9375,34.72916666666667,1
3,14,1110,148,2,28,14.5625,10.0,34.124999999999986,1
4,23,1261,144,2,19,8.25,6.8125,30.66666666666667,1
5,17,1383,143,2,13,9.75,6.9375,37.125,1
2,21,1296,144,2,22,9.625,9.8125,34.85416666666667,1
5,28,1306,151,2,12,10.5,12.625,27.624999999999986,1
3,21,1267,148,2,12,9.875,5.3125,28.85416666666667,1
0,19,1180,152,2,10,11.4375,9.0,25.375,1
2,27,1420,152,2,5,9.4375,5.8125,31.249999999999986,1
4,25,1712,150,3,28,8.9375,7.125,33.47916666666666,1
7,25,1523,151,3,12,8.0625,8.6875,28.45833333333333,1
2,16,1646,150,3,17,5.625,1.25,22.20833333333333,1
10,31,1681,151,3,3,4.0625,13.5625,24.66666666666667,1
6,17,1753,148,3,9,6.3125,1.0625,35.64583333333333,1
9,20,1658,150,3,13,7.375,8.5,28.125,1
8,14,1574,162,3,8,0.4375,2.9375,17.604166666666657,1
5,18,1280,154,3,5,2.25,1.4375,17.10416666666667,1
1,9,1492,163,3,3,0.5,7.25,17.64583333333333,1
1,7,1558,163,3,5,0.3125,3.625,20.3125,1
5,16,1598,163,3,1,2.1875,0.5625,24.770833333333343,1
1,18,649,95,2,2,3.5625,24.375,31.062499999999993,1
2,17,420,101,3,12,3.9375,20.1875,17.6875,1
14,24,70,180,3,17,12.625,17.9375,33.04166666666666,1
11,25,545,175,3,41,10.125,9.0625,33.625,1
1,26,900,201,3,12,16.125,10.375,36.437499999999986,1
3,28,624,200,2,11,19.0,11.75,35.45833333333333,1
2,27,11,204,2,10,14.375,10.6875,28.02083333333333,1
11,24,1041,170,3,27,12.4375,8.75,21.354166666666657,1
13,27,716,170,3,3,11.875,10.125,18.520833333333343,1
16,28,589,167,3,48,11.8125,11.875,23.208333333333343,1
0,13,664,198,3,3,15.0625,13.4375,33.16666666666667,1
0,12,109,192,2,25,13.25,12.8125,33.79166666666666,1
3,3,876,203,2,46,2.8125,5.625,21.645833333333343,1
7,1,942,203,2,6,6.5625,10.75,18.4375,1
4,8,1244,202,2,22,2.75,1.375,31.708333333333314,1
5,3,364,212,2,9,2.25,2.375,5.791666666666657,1
4,1,298,212,2,19,1.25,1.75,6.479166666666686,1
3,2,919,208,3,14,6.875,3.25,26.333333333333343,1
4,3,309,211,2,16,0.5625,2.1875,8.520833333333314,1
12,14,2816,142,3,21,11.5,6.5,32.062499999999986,1
18,17,3511,141,3,13,11.75,4.9375,22.97916666666667,1
17,24,3359,144,2,34,14.1875,11.6875,33.687499999999986,1
22,24,2865,141,2,39,13.6875,10.6875,35.375,1
22,31,3018,148,3,48,14.25,9.625,36.77083333333333,1
14,31,3422,144,2,37,14.625,6.625,36.41666666666667,1
15,25,3125,148,3,21,15.125,8.3125,31.66666666666667,1
9,34,1136,132,3,28,7.75,1.625,24.645833333333343,1
0,27,1005,131,3,10,6.5625,1.1875,28.020833333333343,1
3,26,728,135,3,26,7.25,1.5,27.499999999999986,1
3,17,728,126,3,12,3.6875,6.0625,12.979166666666671,1
4,22,811,124,3,2,2.25,2.25,15.604166666666657,1
5,15,1696,104,3,0,4.125,3.375,22.416666666666657,1
6,13,1697,109,3,13,4.0625,4.5,24.0,1
6,19,1591,105,3,2,4.5625,3.375,23.20833333333333,1
10,20,1687,111,3,2,7.6875,5.9375,28.29166666666667,1
7,9,1510,108,2,18,9.625,4.0625,31.25,1
12,15,1512,108,2,19,9.5,6.0,31.16666666666667,1
3,10,1728,107,2,18,11.125,6.5625,29.416666666666657,1
2,13,1658,129,2,23,14.0,11.125,5.104166666666686,1
2,11,1498,129,2,26,13.4375,12.625,25.750000000000014,1
1,11,1420,122,2,46,11.75,10.3125,11.625,1
8,14,1658,124,2,5,12.9375,8.3125,0.875,1
1,40,1788,133,3,14,7.375,4.8125,20.729166666666657,1
5,26,1465,157,2,24,11.1875,7.4375,33.33333333333333,1
4,17,720,145,2,1,5.8125,4.8125,8.5625,1
1,13,731,145,2,12,5.3125,4.75,7.229166666666671,1
2,17,819,143,2,15,6.3125,4.8125,8.333333333333329,1
6,4,823,134,2,8,7.125,6.375,22.3125,1
5,13,951,131,2,47,11.5625,7.0,16.39583333333333,1
2,2,1072,130,2,49,9.5625,13.0625,21.75,1
26,2,95,183,2,60,7.5625,6.4375,4.395833333333343,1
21,10,496,185,1,53,2.125,17.125,11.458333333333343,1
18,12,1462,182,2,27,18.375,28.9375,53.70833333333334,1
18,4,1234,181,2,30,18.3125,30.4375,48.60416666666667,1
13,24,3829,151,1,30,19.1875,39.75,76.56250000000001,1
10,19,3513,155,2,51,25.375,38.9375,78.10416666666667,1
32,23,3869,156,1,46,23.0,41.5,80.97916666666667,1
8,20,3725,164,1,46,20.5,33.8125,70.58333333333334,1
12,32,2886,148,2,90,30.375,27.625,64.27083333333333,1
12,29,3107,148,2,32,26.75,38.0,65.79166666666667,1
0,27,2988,152,2,68,24.5625,28.25,68.91666666666667,1
8,7,2089,138,1,37,11.1875,21.3125,45.937499999999986,1
17,14,2145,134,1,35,13.6875,25.0,65.62499999999999,1
15,6,2159,141,1,38,14.625,17.75,43.85416666666667,1
2,17,2273,136,1,23,11.5,24.875,63.27083333333333,1
2,6,958,121,1,38,3.375,5.6875,10.770833333333329,1
5,2,899,118,1,18,1.875,11.3125,5.6875,1
5,0,475,118,1,13,0.625,1.75,11.0625,1
1,14,864,121,2,33,3.25,13.125,3.333333333333343,1
7,11,789,123,2,33,2.8125,10.1875,5.479166666666671,1
1,10,931,123,2,24,4.3125,7.875,9.875,1
4,116,2168,115,1,25,4.75,11.5,33.95833333333333,1
13,97,2294,112,1,13,6.6875,5.4375,41.0625,1
11,111,2040,113,2,30,3.3125,3.25,43.20833333333333,1
9,78,2102,109,2,24,11.5625,15.1875,37.41666666666666,1
14,114,2152,109,2,29,13.9375,5.6875,47.14583333333333,1
7,7,512,86,2,18,5.125,8.3125,17.333333333333336,1
4,8,691,86,2,19,6.9375,0.75,35.31250000000001,1
6,10,669,92,2,22,6.8125,3.5,34.895833333333336,1
1,2,164,75,2,10,3.0625,9.0,24.666666666666664,1
6,12,305,76,2,6,2.9375,5.3125,52.87499999999999,1
2,6,227,76,2,9,3.125,7.75,38.93750000000001,1
2,5,166,76,2,5,2.375,7.6875,45.93750000000001,1
1,34,3431,192,2,63,21.1875,27.5625,78.08333333333334,1
41,21,3628,191,2,48,20.1875,38.875,75.29166666666667,1
14,22,3588,192,2,50,19.25,36.3125,77.41666666666667,1
11,34,2817,181,2,27,23.75,18.75,56.72916666666666,1
30,32,2936,181,2,23,22.0625,26.875,54.583333333333314,1
2,13,3802,180,2,84,29.875,29.9375,84.85416666666666,1
22,15,3754,178,2,50,24.375,41.4375,94.24999999999999,1
0,21,4177,181,2,63,30.125,37.9375,79.875,1
14,16,3473,179,1,18,21.1875,37.125,77.16666666666666,1
21,10,3395,180,1,7,26.8125,42.3125,79.60416666666667,1
24,16,3878,164,1,86,29.9375,32.75,61.85416666666667,1
35,42,4540,172,1,52,27.5625,34.875,68.91666666666667,1
14,5,4016,156,1,34,23.4375,30.9375,67.22916666666666,1
20,4,4196,178,1,25,17.0625,42.6875,73.25,1
28,42,3770,161,2,56,33.8125,31.0625,62.687500000000014,1
8,0,1615,155,2,39,20.875,9.9375,60.83333333333333,1
3,5,1810,150,2,40,20.5625,17.25,59.70833333333333,1
3,4,1832,144,2,27,20.9375,20.6875,57.312499999999986,1
5,22,2190,139,2,18,22.3125,24.8125,54.64583333333334,1
10,11,2273,139,2,36,18.75,34.75,57.35416666666667,1
8,8,2114,135,2,9,20.5625,23.75,64.24999999999999,1
6,28,2363,140,2,45,19.5,34.5,53.60416666666666,1
7,9,1842,147,2,4,10.8125,14.0,34.833333333333336,1
0,9,932,85,2,12,6.4375,9.375,25.895833333333336,1
3,22,915,84,2,13,5.25,7.0,29.85416666666667,1
1,13,927,90,1,14,7.125,12.25,14.916666666666671,1
2,14,987,80,1,21,7.125,2.6875,12.125,1
15,2,2581,168,1,20,4.3125,19.0625,47.52083333333333,1
12,6,3113,165,1,2,9.625,18.75,41.27083333333333,1
19,3,2137,167,1,7,9.125,11.3125,35.83333333333333,1
12,2,2097,166,1,23,6.625,20.0,47.5,1
12,2,2097,166,1,23,6.625,20.0,47.5,1
7,28,2791,148,1,10,8.6875,31.125,38.85416666666667,1
7,30,2062,142,1,14,11.3125,23.0625,49.0,1
3,24,1883,159,1,60,8.75,19.8125,42.85416666666667,1
7,55,2145,141,0,42,6.5,24.9375,60.10416666666667,1
6,41,2338,144,0,29,8.6875,30.9375,56.625,1
6,2,412,147,3,22,7.1875,2.4375,4.416666666666657,1
6,15,268,147,3,20,7.25,11.875,0.7291666666666714,1
10,1,625,146,3,22,6.0,6.0,5.541666666666671,1
4,11,80,151,3,15,6.125,7.0,5.25,1
9,10,408,151,3,5,4.9375,5.125,7.4375,1
15,20,394,133,2,13,9.3125,12.25,29.89583333333333,1
13,15,620,109,2,7,5.5,13.3125,28.833333333333336,1
11,2,849,181,2,8,9.75,28.0625,10.895833333333329,1
14,1,1315,179,1,41,8.5,36.375,10.5,1
15,1,1321,181,1,15,5.0625,22.0,16.58333333333333,1
1,3,1139,176,2,2,11.0625,20.3125,18.874999999999986,1
1,3,1232,176,2,11,6.75,27.8125,13.4375,1
1,10,1477,182,1,14,10.9375,26.75,20.645833333333343,1
10,8,846,164,2,11,6.25,13.9375,18.166666666666657,1
18,6,716,164,2,9,6.0625,15.0,16.0,1
11,13,1710,169,1,10,10.125,19.6875,44.479166666666686,1
4,11,1668,165,1,14,10.125,28.3125,53.874999999999986,1
2,2,805,102,2,7,5.8125,12.8125,41.375,1
1,3,1168,101,1,10,3.625,11.3125,37.14583333333333,1
2,1,501,98,2,9,8.0,13.0,35.54166666666666,1
0,3,573,97,2,8,7.75,18.0,58.58333333333333,1
14,19,2737,153,2,59,18.6875,19.6875,52.124999999999986,1
16,61,2616,152,2,48,17.0625,26.875,63.95833333333334,1
5,44,2804,145,2,58,17.375,27.6875,57.77083333333333,1
5,40,2644,153,2,36,17.5,19.0,55.27083333333333,1
6,1,845,145,1,54,16.0,9.875,46.64583333333334,1
8,0,678,144,1,49,14.8125,15.4375,56.95833333333333,1
7,16,771,101,2,18,10.1875,8.125,24.208333333333343,1
6,12,587,99,2,17,9.5,8.0625,20.583333333333343,1
10,19,1105,100,4,12,8.875,9.4375,23.91666666666667,1
10,21,1315,98,2,23,8.625,11.75,25.458333333333343,1
10,44,2769,128,1,40,20.6875,30.25,57.72916666666666,1
8,39,3014,130,1,48,23.5,30.4375,59.8125,1
13,22,2339,125,2,2,19.5,23.1875,48.999999999999986,1
13,30,1980,126,1,6,19.6875,23.4375,45.10416666666667,1
5,27,2375,126,2,23,18.0625,32.0,46.33333333333334,1
4,16,2524,126,2,4,18.5,24.5625,51.20833333333333,1
4,26,2081,160,1,22,16.6875,20.75,53.39583333333333,1
6,15,2230,160,1,34,20.75,15.8125,50.83333333333334,1
2,20,1707,159,1,30,18.3125,18.6875,45.125,1
12,28,2158,147,1,4,13.5625,24.0625,53.250000000000014,1
10,21,2258,151,1,1,13.25,28.25,59.374999999999986,1
5,64,2121,147,2,24,21.5,25.0,57.41666666666666,1
11,46,1718,142,2,32,24.6875,21.4375,49.66666666666667,1
11,10,2005,159,2,37,24.8125,25.375,57.60416666666666,1
11,15,2140,160,2,15,21.875,28.8125,56.70833333333333,1
7,53,3266,147,1,20,24.375,31.125,38.1875,1
21,7,3324,142,1,9,19.9375,27.8125,37.52083333333333,1
21,11,3411,155,1,18,22.5,27.5625,42.52083333333334,1
12,12,3089,155,1,5,22.375,31.3125,37.3125,1
17,16,3084,151,1,3,20.6875,30.5625,39.04166666666667,1
25,12,3214,145,1,11,22.125,29.9375,35.22916666666666,1
14,4,1386,109,1,3,8.6875,12.125,29.854166666666664,1
0,17,1486,112,1,21,9.5625,15.1875,30.45833333333333,1
4,16,2717,156,2,44,22.3125,28.0625,73.64583333333333,1
13,11,2815,155,2,43,22.5,33.5,96.08333333333334,1
1,3,2075,156,2,68,23.0625,20.0,61.874999999999986,1
20,2,2065,156,2,64,19.6875,26.0,75.79166666666666,1
13,27,2921,177,2,83,36.3125,23.5625,57.20833333333334,1
5,18,2565,182,2,82,36.1875,22.625,56.77083333333334,1
17,44,3427,167,2,43,32.8125,28.8125,60.33333333333333,1
16,17,1814,141,2,41,16.3125,6.9375,54.437500000000014,1
5,14,2216,135,1,11,11.8125,8.1875,49.187499999999986,1
12,12,2092,139,2,49,22.9375,10.875,49.25,1
14,17,1949,140,2,45,24.25,19.75,44.60416666666667,1
12,11,2167,139,2,44,22.4375,12.3125,50.79166666666667,1
15,17,2086,146,0,45,6.75,14.75,27.70833333333333,1
5,9,2222,153,0,48,6.0625,7.3125,39.41666666666667,1
3,19,2502,145,1,31,18.375,21.75,36.85416666666666,1
3,14,2508,145,1,35,18.9375,22.0,29.41666666666667,1
3,17,2681,117,2,40,14.125,14.875,51.5,1
3,13,2693,117,2,48,15.875,19.5625,47.562500000000014,1
4,12,2553,109,2,41,17.6875,20.5,47.97916666666667,1
7,19,2718,123,2,37,24.4375,24.875,54.04166666666666,1
12,17,2994,119,2,49,23.25,26.5,59.54166666666667,1
10,5,2683,159,2,26,9.1875,27.875,48.91666666666666,1
3,15,1384,90,3,19,11.9375,4.0625,21.02083333333333,1
9,11,1415,85,3,4,9.9375,0.8125,15.208333333333329,1
3,10,1310,92,3,14,13.125,7.375,20.04166666666667,1
2,10,1266,87,2,28,11.8125,6.9375,20.125,1
6,12,1284,87,2,30,10.9375,4.1875,19.10416666666667,1
5,30,1220,106,3,3,7.1875,2.375,23.624999999999993,1
4,16,1202,106,3,5,5.75,5.4375,25.479166666666664,1
5,32,1129,101,2,10,4.9375,1.5,18.979166666666664,1
5,26,1227,100,3,12,8.375,7.25,27.375000000000007,1
4,18,1338,99,3,10,8.5,3.125,21.666666666666664,1
0,19,1247,94,2,5,11.4375,7.5,18.875,1
1,16,1342,94,2,21,7.5625,0.125,21.22916666666667,1
1,11,895,96,2,17,11.6875,7.375,20.52083333333333,1
1,15,1246,93,2,10,12.5625,7.5625,20.979166666666657,1
1,11,1180,93,2,20,12.375,9.0,21.4375,1
1,13,1239,93,2,13,10.625,4.625,22.54166666666667,1
5,13,1257,111,3,16,14.875,1.125,30.875,1
2,12,1155,113,3,22,15.0625,1.0625,29.5,1
1,14,1363,114,3,3,16.5625,1.75,29.25,1
9,16,1129,118,3,4,15.375,2.4375,11.729166666666657,1
3,13,1394,118,3,0,17.75,1.8125,20.541666666666657,1
18,43,2916,148,2,54,21.8125,15.875,56.20833333333333,1
13,40,3674,150,3,54,20.5,13.625,54.89583333333333,1
14,31,2949,147,2,31,24.4375,18.375,61.89583333333333,1
7,34,3951,153,3,31,20.125,19.0625,61.874999999999986,1
3,8,312,198,2,25,7.9375,9.6875,2.520833333333343,1
6,10,24,195,2,22,7.8125,9.6875,0.5625,1
2,12,1813,173,3,49,15.125,15.3125,47.97916666666666,1
4,11,2133,171,3,50,14.9375,12.5,53.375000000000014,1
10,2,157,203,2,17,4.25,11.25,3.208333333333343,1
14,4,437,205,2,7,2.9375,16.9375,1.5416666666666572,1
1,2,100,202,2,31,2.875,10.5,6.104166666666657,1
5,14,1683,173,2,44,17.25,11.5625,44.14583333333333,1
5,16,1586,175,2,51,14.6875,15.125,43.95833333333334,1
8,19,1640,176,2,47,18.0625,11.0,42.20833333333333,1
6,5,1848,173,2,52,13.5,15.75,45.625000000000014,1
5,3,1787,106,4,3,13.125,0.625,36.12500000000001,1
3,4,1674,110,4,6,10.625,10.0625,35.79166666666667,1
0,20,1710,102,4,10,13.5625,1.0625,28.937499999999993,1
9,53,2612,167,3,55,25.6875,18.1875,76.125,1
6,31,1006,161,3,66,26.5625,18.0625,77.75,1
14,31,2178,167,3,50,29.375,16.1875,65.125,1
10,31,1815,167,3,87,25.5625,16.375,65.75,1
6,31,1632,167,3,59,25.875,14.0625,68.89583333333333,1
15,30,2403,168,3,87,28.25,17.25,60.1875,1
13,14,2068,168,2,40,22.4375,10.6875,56.20833333333333,1
1,19,1842,141,3,17,14.5,9.1875,40.27083333333334,1
6,18,2024,139,3,30,13.0625,3.625,42.97916666666667,1
4,12,1937,139,3,16,11.625,8.625,42.22916666666667,1
6,13,2052,148,2,19,13.0,10.125,41.75,1
2,15,2203,146,2,25,12.5,0.625,42.375000000000014,1
7,37,2172,133,3,20,19.6875,0.3125,35.83333333333333,1
11,35,2411,135,3,27,16.25,9.75,43.77083333333333,1
11,31,2406,142,3,22,17.125,11.4375,42.4375,1
11,29,2042,134,3,12,17.3125,1.3125,33.125,1
6,65,2624,138,3,23,15.1875,11.75,44.02083333333334,1
8,62,2401,134,3,19,14.6875,13.75,43.66666666666667,1
19,65,2423,133,3,4,15.4375,11.0625,42.812500000000014,1
9,52,2607,138,3,29,21.25,14.625,42.08333333333333,1
1,64,2281,141,3,45,18.5625,15.25,42.5625,1
20,61,2419,141,3,15,16.6875,13.0625,41.79166666666667,1
2,13,563,176,2,27,8.125,1.0625,31.875,1
2,3,598,177,2,26,9.25,15.4375,18.10416666666667,1
1,9,340,146,2,13,5.5625,17.375,13.145833333333329,1
0,14,387,147,2,10,5.125,11.625,22.8125,1
0,13,764,150,2,28,8.25,1.6875,28.52083333333333,1
0,1,720,149,2,36,7.9375,8.875,24.5625,1
33,26,2770,157,3,3,12.1875,7.3125,38.33333333333334,1
29,26,2893,157,3,58,10.4375,15.75,31.33333333333333,1
17,32,3412,156,3,22,8.9375,5.9375,37.374999999999986,1
10,29,2938,151,2,22,13.125,7.8125,39.000000000000014,1
21,31,3787,156,3,20,9.375,9.75,39.41666666666667,1
1,6,1006,117,3,12,4.5,11.0625,8.541666666666671,1
2,1,1143,118,3,11,5.0,16.4375,5.020833333333329,1
7,6,795,115,3,2,6.9375,12.5,6.604166666666671,1
8,7,930,115,3,8,5.75,15.9375,6.0625,1
2,11,539,137,3,24,14.3125,7.5,18.520833333333343,1
1,24,206,136,2,39,15.4375,9.875,23.25,1
4,12,822,135,3,10,16.25,2.6875,11.166666666666657,1
4,8,759,145,3,22,21.0,10.8125,24.5625,1
0,20,912,144,3,29,21.0625,6.0625,20.75,1
5,33,2211,143,3,19,10.25,9.125,14.625,1
16,32,2206,142,3,17,12.5625,7.4375,6.479166666666657,1
2,37,2399,143,3,1,13.0625,6.8125,11.958333333333329,1
9,31,2148,145,3,15,11.5,4.0,14.437499999999986,1
9,30,1887,136,2,12,9.4375,13.75,18.35416666666667,1
4,8,882,105,2,5,3.3125,0.625,10.5,1
4,21,910,104,2,4,3.375,3.0625,10.354166666666657,1
6,20,790,107,2,12,5.5,4.8125,14.125000000000007,1
4,26,956,104,2,5,9.1875,1.9375,11.749999999999993,1
10,8,278,127,3,19,15.75,12.9375,32.5625,1
3,10,266,124,3,19,11.3125,12.5,28.64583333333333,1
3,2,250,125,3,35,14.625,8.25,28.125,1
7,0,121,125,2,27,10.125,18.0,22.27083333333333,1
6,27,721,146,2,11,13.0,3.8125,30.041666666666657,1
20,36,468,145,3,14,5.6875,1.3125,24.66666666666667,1
1,16,170,142,3,6,12.5,6.5,23.125,1
17,47,177,140,2,0,5.75,4.9375,23.5,1
1,19,170,141,3,27,9.125,2.875,25.1875,1
2,28,1218,144,3,10,9.625,4.125,15.375,1
4,22,1391,145,3,12,6.6875,5.3125,2.7083333333333286,1
2,17,1403,143,3,14,4.4375,3.25,3.3333333333333286,1
5,24,1214,142,3,38,11.5,2.625,26.5,1
4,16,1415,127,2,34,11.0625,14.1875,24.6875,1
11,10,1510,128,2,36,9.5,20.6875,27.22916666666667,1
5,22,1476,138,3,24,6.5625,9.0,17.14583333333333,1
0,7,1647,136,3,12,5.75,12.5,19.875,1
2,23,1698,136,3,41,13.0625,9.125,41.375,1
0,33,1356,129,3,27,15.4375,12.75,31.66666666666667,1
9,33,1377,140,3,18,14.4375,5.1875,22.02083333333333,1
10,33,1232,128,3,15,15.3125,5.125,14.104166666666671,1
1,26,1196,126,3,20,13.0,6.5,25.770833333333343,1
1,37,1307,137,3,3,15.75,5.625,27.64583333333333,1
31,4,759,249,1,29,1.5,20.4375,14.5625,1
62,7,675,248,1,12,1.1875,25.25,7.3125,1
6,12,596,233,2,28,2.6875,2.5625,11.479166666666686,1
32,4,2050,231,2,6,7.625,1.25,49.104166666666686,1
8,4,2032,242,2,54,0.375,20.1875,68.68750000000003,1
23,0,2827,242,2,14,6.125,28.5,63.083333333333314,1
2,18,1890,241,1,28,18.25,26.4375,59.10416666666666,1
7,16,1651,240,1,28,6.375,21.5625,52.60416666666666,1
19,14,1994,240,1,29,26.625,24.9375,63.37500000000003,1
5,12,70,252,1,10,9.1875,10.9375,2.4583333333333144,1
3,10,33,251,1,5,6.9375,4.3125,13.875,1
3,11,23,251,1,29,6.125,14.375,16.604166666666657,1
6,8,332,250,1,30,3.0,17.75,25.125,1
3,9,228,249,1,17,5.6875,12.25,11.125,1
56,6,2157,231,2,33,10.8125,5.75,49.458333333333314,1
1,8,352,250,1,13,4.4375,14.125,42.791666666666686,1
5,0,617,253,2,90,25.0,20.6875,1.4375,1
0,2,305,253,2,107,25.1875,16.9375,1.9791666666666856,1
2,2,891,253,2,52,19.9375,19.4375,15.9375,1
8,0,658,253,2,95,20.875,17.0,11.9375,1
0,4,438,253,2,130,18.75,17.125,3.9375,1
5,3,871,253,2,43,18.875,17.4375,25.333333333333314,1
32,1,3596,247,2,26,3.0,5.0625,46.83333333333334,1
36,1,3303,247,2,23,2.0,3.1875,42.02083333333334,1
28,2,3562,247,2,9,8.9375,0.3125,43.375,1
0,6,739,253,2,17,4.9375,8.1875,27.29166666666667,1
10,10,1177,251,2,25,9.3125,6.4375,36.125,1
1,1,698,251,2,16,11.25,11.25,40.9375,1
3,25,1388,251,2,30,8.1875,4.25,24.291666666666686,1
12,7,1606,213,3,37,6.0,15.9375,46.10416666666666,1
13,8,1376,212,3,28,3.125,11.4375,44.29166666666666,1
20,6,1739,210,3,41,11.125,12.375,47.22916666666666,1
10,3,2348,251,2,14,13.125,23.8125,51.45833333333334,1
18,6,2238,250,2,31,9.3125,20.4375,39.75,1
22,7,2426,250,2,1,16.5,24.375,61.79166666666666,1
10,25,2258,243,3,44,15.1875,31.9375,58.08333333333334,1
4,14,844,250,2,21,10.0,11.9375,37.33333333333334,1
14,25,1971,241,3,33,15.875,30.9375,56.20833333333334,1
7,14,2439,240,3,50,15.3125,26.125,58.52083333333334,1
3,25,115,252,1,25,4.875,3.9375,16.145833333333343,1
6,28,120,251,1,26,1.75,0.375,11.354166666666657,1
3,33,26,251,1,16,7.1875,3.8125,23.125,1
18,6,735,249,2,23,10.5625,29.9375,24.499999999999986,1
2,9,1059,246,2,38,8.625,30.875,26.562499999999986,1
23,9,365,249,2,3,11.6875,28.375,19.291666666666657,1
13,2,1319,242,2,7,0.8125,20.0625,47.89583333333334,1
21,2,1006,237,2,18,4.8125,16.75,46.43750000000003,1
9,19,578,250,2,12,1.625,2.9375,14.916666666666671,1
14,2,1545,242,2,16,5.1875,14.375,44.10416666666666,1
2,5,323,246,2,63,2.5,3.1875,16.75,1
10,14,354,246,2,8,6.6875,3.5625,9.854166666666686,1
48,31,6591,212,3,97,45.875,66.875,116.97916666666666,1
47,26,6098,211,3,92,45.125,59.9375,111.85416666666666,1
36,32,6366,211,3,98,47.0625,60.0,120.12500000000001,1
24,2,1350,246,2,41,8.875,7.875,31.3125,1
31,2,1028,246,2,46,12.3125,4.0625,31.604166666666686,1
36,0,1465,246,2,16,3.25,3.1875,25.75,1
7,15,718,239,1,5,4.0625,2.6875,3.0625,1
15,14,650,238,1,10,7.5625,8.625,4.1875,1
16,7,168,234,2,0,5.1875,4.6875,15.958333333333343,1
10,9,459,250,2,8,6.125,10.0,18.125,1
6,13,728,239,1,0,1.125,6.1875,2.7708333333333144,1
11,25,3884,232,4,94,31.375,46.9375,99.10416666666666,1
13,23,3581,230,4,90,26.875,41.375,92.29166666666666,1
5,28,4144,231,4,75,32.25,42.5625,102.79166666666669,1
5,27,3593,233,4,74,30.1875,50.9375,105.04166666666666,1
5,23,3303,231,4,72,26.875,43.1875,97.22916666666666,1
8,32,3910,232,4,59,29.125,44.3125,106.04166666666669,1
7,32,2183,231,2,0,5.1875,14.8125,8.541666666666657,1
1,34,2042,231,2,2,0.0625,9.0,3.5625,1
1,36,2319,229,2,6,12.3125,14.25,18.875,1
6,3,415,195,2,9,12.875,11.0625,14.770833333333343,1
6,0,1071,220,2,1,6.0625,4.875,18.666666666666657,1
7,2,1147,219,2,2,9.375,7.625,27.895833333333343,1
1,2,810,219,2,2,1.125,0.125,7.5,1
15,1,900,211,2,20,9.4375,27.0,29.416666666666657,1
2,3,1122,210,2,8,8.375,27.125,30.291666666666657,1
3,0,585,209,2,46,8.0625,25.5,27.95833333333333,1
32,5,1869,254,3,5,4.375,7.5625,18.104166666666686,1
67,6,1826,253,3,13,1.875,3.1875,18.020833333333314,1
81,6,1816,253,3,4,10.125,4.375,20.416666666666686,1
17,32,2763,192,1,11,10.0,11.9375,29.166666666666657,1
9,3,552,193,2,15,17.0625,15.125,15.229166666666657,1
15,35,2651,191,1,18,13.125,13.9375,26.458333333333343,1
17,30,2481,191,1,7,6.75,11.625,28.395833333333343,1
21,8,40,227,1,12,2.5625,4.1875,33.89583333333334,1
12,7,209,224,1,17,3.75,2.5625,33.875,1
10,7,174,226,1,3,1.0,0.5,30.645833333333343,1
13,21,1345,219,2,10,3.0625,5.125,13.708333333333343,1
6,23,1267,218,2,5,1.5625,9.1875,9.854166666666657,1
1,15,1381,218,2,17,3.25,4.125,18.916666666666686,1
4,21,1666,218,2,6,0.625,4.875,14.979166666666657,1
2,21,1415,217,2,24,1.8125,8.25,10.291666666666657,1
23,5,232,194,2,7,7.75,12.4375,14.4375,1
5,24,1783,217,2,4,2.4375,3.0625,21.6875,1
4,2,989,249,2,18,0.1875,4.4375,31.270833333333343,1
7,6,908,248,2,14,1.375,2.5625,39.54166666666667,1
4,8,874,248,2,7,1.375,7.25,15.458333333333314,1
7,0,1002,250,2,27,0.25,5.75,37.1875,1
33,5,968,248,2,25,0.6875,2.875,45.5,1
16,6,974,249,2,11,1.625,8.8125,20.395833333333314,1
4,9,884,237,2,8,0.0,7.0,19.35416666666667,1
4,4,1135,234,2,5,6.1875,9.375,27.437500000000014,1
6,9,518,236,2,6,6.0,4.4375,9.229166666666671,1
8,3,450,195,2,16,4.625,13.25,5.104166666666686,1
26,38,520,252,2,41,14.8125,18.8125,58.625,1
36,39,439,252,2,59,16.8125,22.875,55.791666666666686,1
32,35,657,252,2,26,13.6875,20.0,54.41666666666666,1
0,1,935,228,2,12,2.125,2.25,11.729166666666671,1
6,0,1693,228,2,26,0.375,0.1875,11.979166666666671,1
10,4,65,228,2,2,4.9375,2.0,9.875,1
8,4,2296,250,2,2,8.9375,15.4375,24.64583333333333,1
2,36,587,230,3,23,7.25,11.4375,22.916666666666686,1
0,37,875,228,3,6,5.1875,15.1875,28.791666666666657,1
6,31,384,228,3,26,7.375,8.875,11.458333333333314,1
2,2,157,229,2,22,3.1875,3.6875,18.0,1
3,2,52,229,2,18,0.5625,1.6875,16.375,1
2,3,320,229,2,20,8.3125,1.9375,20.770833333333343,1
10,0,764,252,2,90,5.6875,3.25,4.354166666666686,1
13,9,2615,231,2,34,12.5625,20.375,42.249999999999986,1
0,1,699,249,2,71,10.375,6.6875,3.770833333333343,1
2,3,634,252,2,63,1.6875,3.875,3.5,1
21,2,65,237,2,14,2.9375,4.4375,17.958333333333343,1
9,2,183,234,2,2,3.1875,7.875,12.666666666666686,1
0,1,38,236,2,21,8.25,5.0,20.416666666666657,1
8,1,291,237,2,19,10.25,2.8125,23.708333333333343,1
9,5,256,235,2,16,4.4375,4.75,19.416666666666657,1
6,1,250,235,2,5,14.6875,6.3125,27.5625,1
17,1,480,247,1,42,28.375,17.875,50.4375,1
0,1,680,246,1,59,32.375,22.125,53.416666666666686,1
30,7,2105,232,2,32,23.5625,18.5625,35.1875,1
9,5,302,245,1,29,21.125,16.0,38.33333333333334,1
8,1,450,247,2,62,21.875,25.6875,39.14583333333334,1
3,4,205,246,2,66,26.125,32.25,40.333333333333314,1
9,3,466,247,2,34,16.5625,23.5,28.520833333333343,1
17,21,5453,222,3,95,36.6875,36.6875,124.91666666666667,1
18,14,5025,221,3,81,27.25,32.625,120.54166666666667,1
18,21,5490,221,3,103,43.375,34.125,122.41666666666667,1
18,22,5962,222,3,78,34.5,42.8125,128.29166666666666,1
17,16,5495,220,3,58,25.4375,40.125,124.52083333333334,1
26,23,5980,221,2,90,41.4375,41.3125,128.33333333333331,1
8,4,427,229,2,2,9.5625,4.1875,20.1875,1
22,14,2392,254,2,10,12.625,10.125,39.625,1
20,15,2088,253,2,14,19.1875,14.625,46.5625,1
13,13,2449,253,2,9,7.625,5.625,28.770833333333314,1
2,0,644,244,1,16,8.25,2.75,23.16666666666667,1
2,7,537,243,1,31,4.5625,6.375,34.062499999999986,1
4,2,503,244,1,0,11.1875,5.1875,6.562500000000014,1
7,1,277,246,2,3,1.9375,5.375,13.333333333333314,1
16,1,166,246,2,27,7.8125,1.875,15.479166666666629,1
24,1,416,246,2,32,5.125,1.0625,11.125,1
11,18,1456,246,2,21,13.375,11.6875,27.625,1
9,1,39,229,2,6,6.0625,4.875,17.020833333333314,1
21,30,1854,246,2,28,13.4375,7.6875,32.29166666666667,1
10,31,848,246,2,15,13.3125,12.8125,21.625,1
7,8,1786,242,3,59,11.0625,17.0625,8.979166666666657,1
5,9,1700,241,3,37,8.625,12.75,2.9375,1
3,12,1656,242,3,48,12.25,17.0625,20.125,1
30,3,5039,252,2,10,12.8125,10.5,23.520833333333314,1
23,3,4759,252,2,0,15.8125,14.1875,28.104166666666686,1
20,2,4962,252,2,34,9.25,11.125,11.979166666666686,1
3,4,2,237,2,65,7.8125,1.75,27.35416666666667,1
3,4,756,237,2,88,7.1875,3.3125,30.8125,1
10,9,856,229,2,9,10.8125,6.4375,22.5625,1
5,3,608,234,3,33,7.875,4.1875,21.416666666666657,1
14,13,1263,252,3,64,12.75,2.4375,6.645833333333343,1
1,16,1241,252,3,61,17.0,4.125,16.875,1
15,4,1181,252,3,47,5.8125,4.4375,7.083333333333314,1
0,4,1027,249,2,79,12.0,4.125,3.3125,1
1,2,990,248,2,71,8.5,2.25,15.25,1
1,2,974,247,2,85,13.75,8.0,12.625,1
9,34,2412,243,3,72,28.0625,41.625,94.0,1
9,37,2136,240,3,56,25.25,34.875,89.375,1
8,32,2511,242,3,75,29.25,41.3125,93.66666666666666,1
10,6,585,229,2,5,9.3125,5.4375,25.375,1
5,2,40,242,2,35,6.375,4.25,5.520833333333343,1
6,4,172,242,2,19,3.5625,9.75,15.479166666666686,1
5,4,200,242,2,22,9.0625,0.5,10.666666666666657,1
42,1,2143,250,1,33,11.0,22.75,18.958333333333343,1
54,0,2681,249,1,87,15.3125,23.125,18.583333333333314,1
6,0,1638,249,1,6,6.875,21.5,15.104166666666657,1
26,3,631,233,2,74,3.8125,5.8125,15.458333333333314,1
23,2,802,232,2,103,3.875,2.6875,16.3125,1
22,2,374,232,2,25,6.625,3.125,16.645833333333314,1
2,6,3263,253,2,56,16.5,20.6875,43.08333333333333,1
10,1,200,229,2,0,4.75,6.3125,22.729166666666657,1
1,3,3459,253,2,21,18.1875,26.3125,51.29166666666667,1
8,7,2936,253,2,65,13.4375,19.0,31.91666666666667,1
77,7,259,240,2,38,26.1875,27.9375,54.5,1
72,9,374,239,2,27,26.125,30.625,55.70833333333334,1
66,12,661,238,2,45,22.25,28.6875,53.91666666666666,1
4,24,1457,208,2,29,5.5,2.125,19.270833333333343,1
3,27,1545,200,2,29,5.3125,3.8125,22.58333333333333,1
5,20,1303,208,2,7,5.125,2.125,12.708333333333329,1
15,3,1016,235,1,15,3.9375,14.0625,24.541666666666657,1
10,6,984,233,1,2,1.6875,13.625,24.875,1
31,10,865,229,2,10,11.0,7.875,26.645833333333343,1
28,2,1165,235,1,26,12.125,8.6875,25.625,1
5,2,680,186,2,1,0.6875,5.0,6.229166666666657,1
6,8,725,186,2,4,3.3125,6.875,4.416666666666686,1
10,0,471,186,2,9,5.3125,6.125,4.416666666666657,1
12,0,592,186,2,6,1.6875,7.75,10.854166666666686,1
11,3,682,186,2,7,1.875,8.3125,8.8125,1
4,3,598,186,2,19,3.6875,8.625,9.979166666666657,1
36,33,1624,251,2,15,6.75,17.5,40.29166666666666,1
68,33,1660,251,2,7,6.5625,13.375,38.70833333333334,1
66,28,1506,251,2,21,7.5,15.125,41.75,1
13,5,145,224,3,7,3.9375,14.1875,18.104166666666686,1
25,5,2532,240,2,12,14.0625,16.5625,35.4375,1
9,6,2745,238,2,20,20.875,19.75,38.83333333333334,1
14,4,2112,238,2,39,6.9375,14.25,28.125,1
15,6,2603,240,2,10,13.0,16.4375,35.64583333333334,1
8,7,2840,239,2,7,17.875,20.75,41.04166666666666,1
33,4,2277,238,2,24,8.1875,13.5,29.083333333333343,1
10,5,2472,240,2,16,15.1875,14.375,34.10416666666666,1
16,7,2586,238,2,17,21.875,19.75,37.9375,1
16,7,1994,238,2,44,7.1875,11.6875,26.6875,1
26,1,695,245,1,48,12.0625,25.0,43.791666666666686,1
2,11,583,207,2,13,2.5,14.4375,4.458333333333314,1
5,1,332,223,3,5,8.0,11.25,13.020833333333343,1
28,2,994,244,1,68,17.625,27.5,42.31249999999997,1
42,5,717,243,1,32,7.125,26.0625,36.77083333333334,1
13,10,684,238,3,12,7.0625,1.625,6.354166666666657,1
10,9,659,237,2,1,4.25,8.0,8.854166666666657,1
9,8,577,237,2,26,6.6875,1.125,3.479166666666657,1
1,16,928,223,0,7,14.0,4.25,2.583333333333343,1
2,1,639,220,0,2,19.6875,0.25,4.520833333333343,1
2,22,1066,223,0,14,7.375,1.9375,1.3333333333333428,1
55,23,6670,237,4,21,33.3125,50.3125,130.75,1
50,20,6434,235,4,43,26.5,43.8125,120.875,1
12,5,96,223,3,7,0.625,15.875,15.666666666666657,1
51,29,6556,236,4,41,42.8125,43.75,132.95833333333334,1
35,5,606,206,2,11,3.875,5.8125,4.229166666666686,1
20,4,592,205,2,14,6.875,9.4375,1.3333333333333428,1
1,3,584,205,2,11,0.875,9.375,2.1458333333333144,1
2,6,622,251,1,32,2.3125,3.25,2.0,1
0,7,406,250,1,20,4.625,4.1875,2.3958333333333144,1
12,5,790,251,1,23,0.375,6.3125,8.520833333333343,1
0,2,37,252,2,36,0.625,6.8125,3.25,1
0,2,383,252,2,11,5.1875,11.6875,6.625,1
5,4,517,252,2,62,5.9375,4.0625,14.541666666666657,1
9,9,365,224,3,5,3.9375,12.375,29.291666666666657,1
12,6,1022,247,1,78,4.625,7.0625,12.104166666666686,1
26,7,997,246,1,49,5.6875,0.0625,24.1875,1
14,5,767,246,1,98,3.0,5.3125,4.479166666666657,1
15,4,3330,242,1,13,5.25,2.4375,90.39583333333334,1
8,19,2970,239,1,14,9.0625,2.6875,95.91666666666667,1
7,1,80,157,2,6,3.8125,0.3125,4.541666666666657,1
17,3,778,254,2,4,1.125,18.375,25.83333333333333,1
6,4,880,253,2,15,6.8125,24.375,19.66666666666667,1
1,4,766,254,2,6,8.125,10.9375,32.85416666666667,1
9,18,2593,234,2,36,10.0,20.5,27.60416666666667,1
9,17,2456,234,2,24,15.375,24.5,36.4375,1
17,23,2379,234,2,44,5.3125,18.6875,17.22916666666667,1
35,17,3003,199,2,20,8.375,24.6875,38.875,1
27,16,3047,198,2,31,18.375,23.9375,33.91666666666666,1
30,16,2651,197,2,13,0.375,26.3125,36.3125,1
5,61,5640,229,3,66,34.9375,46.4375,89.29166666666666,1
3,2,230,157,2,23,8.875,2.625,0.6458333333333428,1
2,54,5415,229,3,96,32.4375,39.75,81.66666666666666,1
4,69,5465,228,3,47,37.5,40.8125,98.31250000000001,1
8,4,596,209,2,9,0.8125,10.8125,6.166666666666657,1
3,0,257,206,3,6,2.5,13.9375,6.729166666666657,1
10,4,827,209,2,25,1.125,13.1875,5.229166666666657,1
1,3,651,206,2,14,2.625,11.6875,9.8125,1
11,3,325,205,2,1,4.125,14.0,12.125,1
5,5,772,206,2,26,0.75,12.75,8.041666666666657,1
2,10,2215,211,3,77,1.375,10.75,31.125,1
30,9,1969,210,3,58,5.375,5.6875,28.416666666666686,1
1,6,121,155,2,12,1.375,5.4375,4.520833333333343,1
30,10,2193,208,3,71,3.4375,8.125,34.9375,1
5,2,516,236,2,28,4.8125,0.4375,17.958333333333343,1
15,1,529,235,2,45,2.75,3.25,18.75,1
2,2,646,234,2,8,12.5625,5.5625,20.083333333333343,1
1,0,531,236,2,34,5.5,4.0625,19.666666666666657,1
2,1,747,235,2,32,0.0,7.625,19.9375,1
4,0,365,236,2,34,12.0,5.4375,18.166666666666686,1
1,0,676,217,2,14,3.625,12.5625,2.583333333333343,1
5,1,273,214,2,37,5.5,12.5625,2.104166666666657,1
2,2,1183,217,2,3,0.1875,12.625,0.7083333333333144,1
5,6,256,157,2,0,4.6875,3.6875,4.416666666666657,1
4,0,555,212,2,14,1.6875,11.6875,16.375,1
6,1,211,212,2,0,3.375,16.9375,10.75,1
5,3,936,210,2,34,2.375,6.3125,21.395833333333343,1
7,7,2409,245,2,19,15.875,10.4375,53.83333333333334,1
13,10,2323,244,2,19,20.875,16.75,55.8125,1
19,13,2215,245,2,19,10.9375,7.875,44.79166666666666,1
12,2,2324,245,2,22,13.6875,12.3125,51.08333333333334,1
18,1,2258,244,2,27,17.0,20.5,54.166666666666686,1
10,5,2203,245,2,20,10.25,8.875,44.125,1
1,1,1197,189,2,23,18.5,16.5625,43.39583333333333,1
4,5,425,157,2,8,10.8125,4.0625,0.4583333333333428,1
13,0,834,155,2,37,4.6875,5.0,6.0625,1
12,2,153,155,2,9,2.375,3.8125,5.770833333333329,1
13,16,1797,250,1,28,0.5,9.0625,10.520833333333329,1
11,19,2284,249,1,1,3.5,6.5625,12.5,1
7,16,1212,250,2,51,4.375,8.875,7.0625,1
1,4,1538,249,2,20,0.4375,8.25,11.333333333333329,1
3,1,36,248,2,4,1.0,5.5625,1.5833333333333428,1
5,5,2095,248,1,1,0.875,7.125,13.229166666666671,1
16,6,1072,250,2,36,2.125,6.6875,7.1875,1
12,2,3138,235,2,60,3.0,26.8125,57.33333333333333,1
11,8,2922,235,2,17,2.625,19.1875,48.39583333333334,1
9,3,3288,235,2,119,17.0625,27.3125,64.22916666666666,1
11,2,53,233,2,103,8.125,16.4375,10.291666666666686,1
22,1,199,233,2,99,15.0625,21.4375,3.979166666666657,1
11,0,269,233,2,43,4.375,14.0,15.0625,1
29,1,210,233,2,91,6.3125,13.9375,2.166666666666657,1
20,2,218,233,2,108,13.5625,18.375,8.8125,1
3,12,751,249,2,34,0.5,6.8125,21.875,1
17,5,475,233,2,8,4.75,16.5625,4.416666666666657,1
15,10,668,252,2,69,18.6875,28.625,20.91666666666667,1
10,15,627,251,2,69,6.75,19.25,8.979166666666671,1
11,13,609,249,2,51,27.5625,31.6875,37.27083333333333,1
15,28,1898,143,2,20,10.5625,5.5,35.14583333333333,1
21,29,1883,143,2,6,6.0625,6.1875,35.125000000000014,1
12,26,1765,143,2,31,15.3125,5.75,35.91666666666667,1
19,27,1855,143,2,29,12.3125,1.75,32.02083333333334,1
19,28,1916,143,2,19,7.75,1.5,30.10416666666667,1
15,23,1573,143,2,36,15.9375,1.5625,31.875000000000014,1
4,3,60,249,2,14,4.4375,8.1875,8.25,1
0,2,761,241,0,45,5.375,8.875,38.89583333333334,1
2,2,748,240,2,34,10.5625,4.6875,48.687500000000014,1
2,4,638,240,2,26,0.4375,9.875,21.25,1
6,10,637,224,2,15,4.1875,4.8125,16.729166666666686,1
15,8,560,224,2,27,1.5625,2.5625,15.604166666666657,1
20,2,860,224,2,3,9.75,2.4375,18.75,1
3,6,802,209,2,11,1.0,14.9375,8.208333333333343,1
4,2,307,249,2,12,2.75,8.125,0.7916666666666572,1
5,5,533,204,2,4,2.5,7.625,2.291666666666657,1
39,11,1415,248,2,52,17.625,9.6875,16.5,1
43,5,1192,246,2,47,18.0,12.4375,10.729166666666657,1
62,13,1457,247,2,50,15.3125,7.9375,22.541666666666686,1
10,12,1010,248,2,54,16.25,12.25,14.979166666666657,1
13,7,845,246,2,49,18.3125,14.0,8.979166666666686,1
11,13,1064,247,2,55,15.0,10.375,21.645833333333343,1
1,5,715,249,2,6,3.875,11.8125,33.10416666666666,1
4,0,616,248,2,15,0.25,16.125,37.3125,1
1,6,828,248,2,20,7.25,13.5625,25.770833333333314,1
5,4,842,250,2,30,0.5625,1.1875,25.291666666666657,1
0,6,833,203,2,10,1.4375,10.25,1.3333333333333428,1
8,5,1005,249,2,7,1.5625,13.4375,31.9375,1
26,5,814,249,2,42,5.0625,0.75,13.3125,1
15,9,3657,232,3,52,21.375,17.375,65.95833333333333,1
22,7,3395,231,3,51,18.5,14.75,55.47916666666666,1
17,12,3787,234,3,57,23.4375,19.4375,75.125,1
18,26,3680,234,3,99,20.3125,22.125,58.60416666666666,1
13,26,3383,232,3,83,15.5,18.25,47.874999999999986,1
22,30,3738,234,3,99,23.9375,21.8125,66.97916666666667,1
14,37,3993,237,3,102,26.0625,26.8125,74.93749999999999,1
18,34,3828,233,3,93,22.4375,22.0,63.70833333333334,1
3,4,163,202,2,11,5.4375,7.6875,8.875,1
12,46,3945,237,3,98,26.5625,27.5,83.375,1
12,17,3915,237,3,56,25.5,21.5625,82.85416666666666,1
17,10,3780,231,3,52,23.625,17.4375,71.45833333333334,1
15,24,3949,238,3,70,26.0,22.25,90.08333333333334,1
3,1,706,253,1,11,5.75,2.375,10.5625,1
3,4,571,253,1,26,5.625,4.0625,12.9375,1
4,5,808,252,1,7,3.6875,8.4375,8.020833333333343,1
3,2,644,253,1,38,0.125,6.625,7.291666666666657,1
20,4,649,253,1,32,2.4375,6.875,5.520833333333343,1
4,6,387,252,1,42,0.3125,8.125,9.645833333333314,1
26,15,3029,201,1,15,19.9375,28.5,64.77083333333334,1
6,2,1265,235,2,25,2.3125,3.5625,33.79166666666666,1
2,0,860,235,2,46,1.375,0.5,30.645833333333314,1
3,4,1431,235,2,9,4.5625,5.0,37.14583333333334,1
2,3,1130,235,2,28,0.0625,5.625,33.5,1
3,0,855,235,2,47,4.8125,1.3125,31.0,1
5,2,1295,235,2,5,4.125,5.75,37.35416666666666,1
10,1,1795,241,2,29,1.1875,1.5625,33.91666666666666,1
1,12,1751,241,2,16,2.125,1.875,32.35416666666666,1
28,8,1761,241,2,24,5.3125,0.0,30.125,1
5,60,5914,234,3,76,29.5,33.8125,87.06250000000001,1
39,22,2982,199,1,28,23.625,30.3125,66.89583333333333,1
5,61,5880,230,3,43,29.8125,31.5,77.12499999999999,1
9,64,5867,234,3,81,29.8125,30.0625,97.14583333333334,1
2,53,6057,233,3,64,29.8125,39.125,85.89583333333333,1
5,48,5763,229,3,35,30.875,32.25,75.77083333333333,1
9,59,6125,232,3,65,29.6875,35.1875,98.91666666666667,1
3,48,1768,183,2,19,5.75,5.25,22.5,1
12,46,1550,182,2,5,2.125,2.5,13.083333333333329,1
11,48,1969,182,2,28,10.5625,9.5,32.95833333333334,1
5,28,2486,190,2,15,10.375,9.75,20.60416666666667,1
12,26,2252,187,2,2,3.625,7.875,12.145833333333329,1
47,9,768,249,1,44,0.25,16.875,22.812499999999986,1
23,11,2805,197,1,17,16.5,26.8125,58.000000000000014,1
22,32,2679,189,2,32,15.875,11.875,30.645833333333343,1
2,58,6389,226,3,77,39.3125,51.875,111.91666666666666,1
4,53,5955,226,4,83,38.1875,45.625,98.83333333333331,1
4,67,6422,223,4,73,39.4375,50.9375,122.85416666666667,1
2,13,123,228,3,11,7.375,33.6875,16.375,1
21,6,213,227,3,0,8.6875,29.625,19.541666666666657,1
0,16,131,226,3,23,6.5625,36.0625,11.541666666666686,1
14,7,124,226,3,18,12.875,22.25,4.916666666666657,1
6,8,76,226,3,29,12.1875,21.0,1.8125,1
8,10,23,225,3,8,12.5625,24.6875,4.916666666666657,1
22,13,3159,203,1,10,19.875,30.625,61.27083333333333,1
0,14,306,252,1,1,0.9375,1.5625,28.854166666666657,1
4,16,477,252,2,4,5.875,2.9375,32.91666666666666,1
1,13,38,252,1,0,6.625,0.5625,15.0,1
15,3,1193,251,1,8,0.625,12.5625,19.791666666666657,1
4,3,829,251,1,13,2.25,8.8125,18.333333333333314,1
17,2,1552,250,2,1,1.5,13.375,18.645833333333343,1
13,0,1319,252,2,29,4.75,14.875,21.25,1
7,5,905,251,2,29,7.5625,10.4375,19.291666666666657,1
17,3,1678,251,2,18,0.3125,13.5625,20.104166666666657,1
12,3,1109,157,3,6,1.375,29.9375,44.70833333333333,1
25,17,3267,201,1,23,24.6875,32.3125,62.27083333333333,1
11,2,874,157,3,7,3.0,21.125,39.437499999999986,1
23,5,1250,156,3,7,1.1875,23.75,40.45833333333334,1
21,7,2040,215,3,61,25.75,20.9375,59.9375,1
21,4,1944,214,3,48,22.3125,19.375,59.875,1
17,8,2133,214,3,82,26.9375,18.375,58.8125,1
16,5,2209,215,3,3,18.375,24.875,67.20833333333334,1
19,6,2073,214,3,2,15.5625,22.875,67.125,1
23,3,2350,214,3,44,20.8125,19.5625,65.95833333333331,1
4,1,1771,245,2,24,20.25,13.6875,46.145833333333314,1
5,0,1942,245,2,37,28.875,16.4375,55.625,1
13,10,2818,199,1,22,15.875,28.4375,55.95833333333334,1
13,1,1610,243,2,18,9.0,12.9375,32.708333333333314,1
16,3,1245,219,3,14,6.75,3.3125,38.979166666666686,1
13,6,1004,219,2,2,1.6875,1.125,38.20833333333334,1
16,2,1340,219,3,26,11.5625,0.0625,35.29166666666666,1
1,0,404,219,2,8,2.8125,3.875,40.416666666666686,1
11,1,308,219,2,23,0.6875,0.625,37.85416666666666,1
11,0,584,219,2,6,7.625,0.375,37.16666666666666,1
39,35,1825,242,3,6,5.6875,2.375,13.541666666666657,1
2,24,1262,241,2,39,5.375,6.0,11.354166666666657,1
17,43,2076,242,3,21,5.0625,3.0625,11.0,1
8,0,953,144,4,10,4.6875,12.125,26.708333333333343,1
14,26,2945,248,2,30,18.0,39.1875,69.89583333333334,1
21,30,2635,248,2,18,17.625,34.1875,67.27083333333331,1
26,26,2911,248,2,40,19.9375,35.375,71.54166666666666,1
10,1,747,232,2,28,10.625,4.625,24.333333333333343,1
14,4,678,232,2,7,4.8125,1.25,19.375,1
10,2,1000,232,2,46,15.25,4.3125,28.020833333333343,1
0,2,886,254,2,48,19.25,53.625,30.270833333333314,1
43,2,1293,143,3,17,7.5625,13.375,28.39583333333333,1
11,3,1227,254,2,39,16.625,43.9375,8.479166666666657,1
3,2,643,254,2,48,21.1875,52.6875,55.6875,1
9,7,377,211,2,25,0.4375,20.75,6.9375,1
14,11,482,208,2,1,3.125,22.1875,8.9375,1
2,12,217,211,2,43,4.3125,20.625,8.0625,1
6,13,510,213,2,7,1.9375,22.875,0.8125,1
16,11,603,213,2,20,3.1875,22.6875,3.1875,1
1,14,240,213,2,10,7.0625,23.375,0.75,1
11,17,1574,226,2,36,7.875,14.0625,57.958333333333314,1
16,18,1499,226,2,41,14.0625,15.1875,52.79166666666666,1
16,4,1012,143,3,4,3.0625,13.75,26.83333333333333,1
1,17,1330,226,2,16,1.8125,16.0,52.39583333333334,1
3,16,2206,226,2,13,6.125,18.25,60.729166666666686,1
2,12,2056,224,2,19,12.25,17.75,55.395833333333314,1
14,21,2002,226,2,18,0.375,20.0,57.8125,1
41,0,4382,255,2,7,3.5625,13.375,45.708333333333314,1
73,2,4308,255,2,21,7.0625,3.125,40.270833333333314,1
43,0,3658,255,3,5,2.3125,10.25,43.354166666666686,1
6,0,163,255,2,3,0.6875,8.8125,14.125,1
7,16,135,255,2,1,0.1875,11.1875,20.0625,1
9,9,214,255,2,7,3.125,4.125,6.291666666666671,1
37,1,929,249,1,39,5.75,15.9375,12.791666666666671,1
25,4,2353,215,3,25,16.9375,30.6875,69.14583333333334,1
5,15,262,255,2,4,1.875,13.5,12.875,1
4,15,107,255,2,4,1.3125,17.375,19.04166666666667,1
5,0,433,255,2,3,2.1875,9.0625,5.5,1
60,4,1196,222,2,85,15.5625,5.375,2.020833333333343,1
33,7,1169,222,2,92,20.5625,7.875,5.958333333333343,1
13,7,1042,221,2,43,7.9375,9.75,3.208333333333343,1
27,3,1170,222,2,20,17.3125,9.75,12.458333333333314,1
41,2,1103,222,2,20,21.5625,16.0,10.666666666666686,1
40,2,1033,222,2,16,8.9375,12.6875,11.770833333333314,1
27,0,589,248,2,14,3.0625,21.0625,5.8125,1
41,5,2564,214,3,33,17.625,30.1875,64.0625,1
55,2,137,247,2,5,2.3125,23.0625,3.791666666666657,1
45,11,1064,245,2,15,4.375,18.8125,6.25,1
5,1,2663,253,2,74,27.4375,8.625,61.14583333333334,1
9,1,3136,253,2,128,22.625,15.375,67.1875,1
1,1,2137,252,3,12,34.0625,5.75,51.937500000000014,1
5,4,2660,253,2,73,24.8125,13.875,68.02083333333334,1
1,4,3042,253,2,120,21.875,19.9375,72.66666666666666,1
9,5,2008,252,3,18,31.8125,13.25,59.89583333333333,1
12,0,467,220,2,21,4.0625,1.75,10.833333333333343,1
13,6,1135,250,2,60,8.1875,8.8125,45.66666666666666,1
13,5,1112,249,2,57,11.125,14.9375,51.583333333333314,1
12,8,877,248,2,30,5.8125,4.875,30.916666666666686,1
10,2,175,240,2,19,2.375,2.375,4.395833333333314,1
10,3,122,239,2,22,8.5625,6.4375,7.104166666666657,1
10,2,13,240,2,10,3.875,2.25,1.2083333333333428,1
12,1,170,240,2,23,0.125,0.5,6.291666666666686,1
2,37,2967,235,3,19,9.3125,3.5625,14.916666666666686,1
19,2,146,239,2,36,3.5,4.8125,9.104166666666657,1
16,1,26,240,2,8,3.1875,0.9375,0.3541666666666856,1
10,8,41,217,2,5,0.75,10.8125,6.166666666666686,1
11,5,90,214,2,23,4.1875,11.625,6.4375,1
9,0,30,217,2,10,6.375,11.75,0.020833333333342807,1
11,11,90,215,2,9,1.375,10.8125,12.729166666666657,1
8,6,80,213,2,1,7.1875,10.3125,12.291666666666657,1
7,1,217,215,2,19,3.75,11.6875,8.4375,1
43,1,1822,222,3,10,6.0625,15.5625,26.958333333333343,1
43,5,1837,218,3,24,12.5625,17.0,23.333333333333343,1
14,43,2778,235,3,1,4.75,0.3125,36.14583333333334,1
59,5,1548,221,3,4,0.625,15.875,22.5625,1
2,1,21,249,2,14,8.9375,14.375,11.0625,1
1,4,52,248,2,31,12.9375,15.75,12.979166666666686,1
8,5,64,249,2,0,3.375,16.5,5.4375,1
3,1,645,208,2,5,2.25,3.125,11.520833333333329,1
27,1,804,205,2,10,6.375,2.25,13.604166666666671,1
3,2,298,207,2,4,1.5625,4.625,6.8125,1
2,2,153,206,2,6,2.6875,5.125,8.854166666666657,1
10,7,358,204,2,5,1.4375,4.9375,10.875,1
5,3,148,205,2,1,6.625,4.4375,3.2916666666666714,1
6,6,714,217,2,38,2.1875,6.375,19.520833333333343,1
17,2,141,231,2,5,5.125,0.8125,6.875,1
2,0,204,230,2,7,11.0625,3.5,4.645833333333314,1
3,3,75,230,2,4,0.625,3.9375,7.708333333333314,1
24,2,458,231,2,9,3.625,5.3125,28.81249999999997,1
59,1,248,231,2,18,6.25,0.625,26.729166666666657,1
35,3,644,231,2,3,0.9375,2.25,26.75,1
4,15,1607,138,3,17,2.125,2.5,11.520833333333343,1
4,21,1521,137,3,1,0.75,2.5625,8.5625,1
1,14,1546,138,3,25,3.25,3.5625,12.666666666666657,1
1,18,1585,141,4,13,0.9375,1.9375,9.875,1
6,2,528,216,2,39,1.125,2.875,18.145833333333343,1
2,15,1373,138,3,19,0.75,1.375,6.979166666666671,1
2,17,1517,139,4,9,1.0625,0.6875,9.416666666666671,1
1,18,1844,138,3,15,0.3125,2.3125,11.479166666666671,1
2,16,1740,137,3,16,0.625,3.3125,8.333333333333343,1
2,16,1822,137,3,2,1.3125,0.75,14.333333333333329,1
1,15,1824,137,3,13,1.375,1.4375,12.666666666666671,1
0,16,1792,136,3,1,0.75,0.0,9.458333333333329,1
1,14,1788,137,3,19,3.0625,1.75,16.625,1
0,2,1935,241,2,47,9.5625,21.3125,43.06249999999997,1
6,3,1977,241,2,34,4.9375,16.75,42.5,1
12,4,894,216,2,40,8.1875,1.625,20.333333333333343,1
18,2,1844,241,2,50,14.3125,15.0625,44.22916666666666,1
11,4,1000,250,1,4,1.9375,13.6875,28.979166666666657,1
3,8,1084,250,1,6,5.5,16.8125,38.02083333333334,1
9,14,1147,250,1,23,1.125,11.625,13.25,1
18,6,469,252,1,7,2.4375,16.9375,28.708333333333343,1
4,7,710,251,1,17,4.625,20.3125,37.52083333333334,1
19,16,523,251,1,8,3.3125,16.9375,14.75,1
16,1,260,206,2,0,1.875,1.75,6.729166666666686,1
4,9,85,206,2,15,4.6875,6.125,7.708333333333343,1
2,3,565,206,2,16,10.25,4.5,8.395833333333343,1
10,3,725,217,2,33,2.6875,7.9375,21.708333333333314,1
9,1,324,206,2,10,0.8125,4.875,11.791666666666686,1
5,1,97,206,2,37,7.4375,7.1875,12.416666666666686,1
2,19,431,205,2,24,0.4375,11.875,1.2291666666666572,1
2,24,646,207,2,11,5.625,5.375,1.6666666666666572,1
3,22,819,206,2,9,9.0625,6.5625,1.0625,1
8,28,385,205,2,25,0.75,9.0,2.291666666666657,1
5,14,2130,247,2,20,8.6875,14.3125,32.354166666666686,1
13,5,782,207,2,2,0.875,4.4375,10.375,1
5,4,913,206,2,1,6.3125,6.0,9.333333333333343,1
1,6,543,206,2,9,5.0,8.125,7.708333333333343,1
6,12,914,207,2,6,1.0625,5.0,10.666666666666657,1
6,3,1023,206,2,6,7.625,6.75,9.8125,1
4,11,586,206,2,7,5.25,8.3125,7.541666666666657,1
7,1,673,207,2,2,0.5,5.125,8.9375,1
2,1,766,206,2,6,4.5,6.875,8.0,1
6,2,457,206,2,10,3.3125,7.75,6.916666666666657,1
19,0,1847,238,3,10,0.625,4.25,35.49999999999997,1
14,24,1896,247,2,10,7.0625,7.875,29.104166666666657,1
25,5,1537,237,3,1,5.0,0.5625,35.04166666666666,1
23,0,1956,237,3,13,9.5,1.3125,32.041666666666686,1
22,0,1865,238,3,7,0.6875,6.125,41.43749999999997,1
3,1,1440,237,3,15,3.8125,3.4375,43.979166666666686,1
34,0,2297,237,3,16,7.8125,1.875,35.37499999999997,1
11,0,231,249,2,13,3.8125,3.25,4.895833333333314,1
14,1,101,248,2,15,7.125,1.3125,3.9583333333333144,1
8,7,245,249,2,8,0.9375,0.1875,2.1875,1
16,2,674,249,2,15,3.9375,5.875,10.604166666666657,1
9,2,455,248,2,14,6.5625,0.9375,9.708333333333343,1
19,8,2097,247,2,33,11.5625,12.1875,38.47916666666666,1
48,1,849,249,2,10,1.125,2.1875,3.8125,1
0,4,377,255,2,28,4.8125,2.375,5.395833333333343,1
4,4,267,254,2,17,0.6875,0.8125,8.416666666666657,1
4,3,335,254,2,43,7.4375,0.1875,3.520833333333343,1
3,0,133,254,2,68,7.6875,1.125,19.354166666666686,1
6,0,140,253,2,70,13.625,10.9375,22.125,1
0,1,226,253,2,45,1.875,1.0625,11.083333333333343,1
16,3,1606,234,2,57,15.4375,23.0,57.541666666666686,1
18,9,1438,234,2,28,11.75,15.25,54.458333333333314,1
7,5,1485,234,2,72,21.0,18.1875,57.645833333333314,1
30,14,3057,247,2,7,8.9375,15.9375,27.479166666666657,1
3,9,2223,233,3,55,23.3125,27.625,61.375,1
1,9,1943,232,3,52,23.6875,27.875,61.0625,1
1,8,2443,232,3,60,22.8125,25.375,62.208333333333314,1
2,12,2079,230,3,66,23.75,31.75,65.14583333333331,1
1,17,1885,230,3,66,23.0625,29.375,63.0625,1
3,20,2012,230,3,64,23.6875,31.9375,66.4375,1
1,12,2413,235,3,52,22.875,21.125,58.625,1
2,10,2083,234,3,42,22.125,22.1875,57.895833333333314,1
4,7,2568,234,3,63,22.4375,21.1875,59.60416666666666,1
14,50,5009,231,3,58,26.75,25.1875,81.39583333333334,1
38,12,2748,247,2,2,5.3125,8.5,24.645833333333343,1
12,50,4810,229,3,62,21.6875,24.6875,72.5625,1
18,56,5079,230,3,61,32.125,25.6875,92.20833333333333,1
14,54,5743,231,3,64,23.75,24.375,70.29166666666666,1
15,46,5430,230,3,66,20.75,20.1875,61.89583333333334,1
15,58,5639,230,3,64,28.375,24.8125,82.56249999999999,1
0,1,445,246,2,30,6.0,9.5,23.4375,1
3,1,946,245,2,36,8.1875,13.4375,23.9375,1
4,6,178,245,2,12,6.5625,7.9375,23.291666666666657,1
2,1,351,245,2,2,5.125,7.875,20.791666666666686,1
1,4,139,244,2,17,5.5625,8.4375,21.666666666666657,1
45,18,3132,247,2,20,12.5,14.5625,34.66666666666666,1
5,1,754,244,2,8,4.8125,7.9375,14.8125,1
4,4,333,246,2,21,2.75,6.3125,16.916666666666686,1
4,4,63,245,2,21,5.625,7.375,19.645833333333314,1
5,3,685,245,2,18,1.25,5.1875,12.229166666666657,1
1,1,132,248,2,27,8.4375,6.625,21.458333333333343,1
3,4,491,247,2,28,10.5625,11.875,21.166666666666657,1
4,1,300,246,2,19,7.1875,5.9375,21.666666666666657,1
52,5,3813,202,0,62,31.9375,35.4375,102.4375,1
65,0,3996,202,0,71,33.375,36.5,97.125,1
48,2,3195,203,0,50,29.625,36.625,98.25,1
6,37,475,215,1,10,1.1875,1.6875,10.479166666666671,1
28,2,1787,249,2,20,9.5625,15.4375,20.833333333333314,1
5,14,380,253,3,2,1.8125,6.1875,19.0625,1
54,67,7522,236,4,127,58.9375,48.4375,145.0625,1
33,73,8331,239,3,108,56.9375,50.0,147.60416666666669,1
25,81,8439,238,3,99,52.625,50.25,142.3125,1
30,67,7488,238,3,115,56.0625,46.8125,144.125,1
16,33,5068,233,3,71,44.3125,39.4375,107.85416666666669,1
21,27,4613,231,3,86,38.5,35.5,102.9375,1
23,34,5264,233,3,65,49.25,33.4375,108.9375,1
16,20,5434,235,4,104,34.125,37.375,96.58333333333334,1
19,26,5082,235,4,85,29.375,32.1875,89.125,1
20,23,5557,234,4,108,37.6875,34.9375,100.4375,1
6,9,305,254,2,10,2.875,6.6875,41.854166666666686,1
5,7,910,241,1,14,13.1875,6.0625,35.35416666666667,1
0,10,968,240,1,13,12.125,8.375,43.33333333333333,1
14,19,543,240,1,40,15.5,3.5,21.89583333333333,1
9,38,819,243,1,10,12.1875,10.375,23.10416666666667,1
14,39,1051,242,1,42,9.6875,15.3125,30.85416666666667,1
0,36,588,242,1,56,15.375,5.4375,13.666666666666671,1
4,3,316,226,2,41,3.8125,11.25,30.625,1
12,8,49,224,2,44,3.3125,5.5625,30.083333333333343,1
12,3,616,224,2,37,11.875,7.4375,29.4375,1
4,5,133,231,2,7,6.4375,14.5625,6.208333333333343,1
2,13,612,254,2,5,1.375,8.0,44.60416666666666,1
3,6,210,230,2,7,10.625,9.9375,12.854166666666657,1
4,8,224,231,2,7,0.8125,13.9375,5.145833333333343,1
8,0,375,251,2,5,10.3125,0.75,12.583333333333314,1
2,0,245,251,2,14,14.625,2.5,13.625,1
12,0,477,251,2,11,6.0,0.125,9.354166666666657,1
16,35,3017,251,2,22,30.4375,18.625,54.104166666666686,1
10,27,3092,251,2,21,31.0625,17.125,55.6875,1
17,33,2810,251,2,37,26.4375,20.375,49.41666666666666,1
15,38,2835,251,2,38,27.9375,21.9375,52.416666666666686,1
6,31,2976,251,2,36,30.0,19.9375,52.39583333333334,1
1,13,2,254,3,11,2.5,4.625,34.39583333333334,1
22,37,2653,251,2,46,24.9375,23.6875,50.208333333333314,1
19,8,2090,205,2,30,12.0,19.875,52.6875,1
30,9,2148,204,2,35,16.25,23.0,45.72916666666666,1
35,4,1824,204,2,27,10.25,20.75,51.104166666666686,1
0,4,767,253,2,4,9.8125,6.9375,12.625,1
5,7,851,253,2,4,11.125,9.375,18.770833333333343,1
8,3,626,253,2,13,6.625,6.0,5.708333333333343,1
1,4,746,253,2,7,11.1875,1.125,12.333333333333343,1
2,2,852,253,2,4,9.125,3.5,20.97916666666667,1
2,3,741,253,2,17,10.125,1.875,4.041666666666657,1
2,25,1590,214,1,3,18.625,18.9375,42.104166666666686,1
5,0,939,255,3,0,3.75,10.3125,49.770833333333314,1
5,2,1042,255,3,6,2.5,4.0625,44.770833333333314,1
33,1,973,255,2,3,6.125,7.625,47.666666666666686,1
29,3,2738,244,1,52,9.3125,14.25,28.145833333333343,1
72,1,2430,243,1,16,2.125,10.0625,27.291666666666686,1
70,7,2950,243,1,77,22.3125,10.125,28.020833333333343,1
3,1,832,238,2,2,19.8125,13.75,39.60416666666667,1
2,0,1262,236,2,6,20.6875,16.8125,46.375000000000014,1
1,1,381,238,2,5,16.1875,12.0625,27.79166666666667,1
0,1,798,238,2,1,21.0625,18.5,37.062500000000014,1
12,22,1881,213,1,3,25.5625,22.4375,45.97916666666666,1
3,1,1232,236,2,1,22.9375,21.875,45.70833333333333,1
2,4,237,238,2,2,16.5,16.125,25.958333333333343,1
0,1,1684,240,1,14,15.625,11.1875,37.14583333333333,1
4,0,2018,239,1,13,14.25,17.0625,43.72916666666667,1
0,3,1179,237,1,12,16.1875,9.9375,26.916666666666657,1
1,0,818,221,2,3,6.0,4.25,6.104166666666686,1
9,1,358,219,2,16,3.5625,5.6875,5.375,1
1,1,1233,219,2,10,7.3125,3.375,9.666666666666657,1
1,1,2198,253,2,36,16.8125,7.4375,54.104166666666686,1
0,2,2367,253,2,48,23.5,12.5625,56.79166666666666,1
20,31,1447,213,1,10,12.3125,18.25,35.95833333333334,1
1,7,1844,253,2,24,8.5,7.1875,44.75,1
5,1,2295,253,2,38,17.0625,9.875,52.4375,1
14,0,2452,253,2,51,25.9375,13.8125,54.20833333333334,1
1,1,1991,253,2,23,8.5,8.6875,45.395833333333314,1
11,4,1019,248,3,38,9.3125,6.875,23.604166666666657,1
14,16,1036,247,3,20,13.3125,1.5,21.708333333333314,1
26,6,1010,246,3,41,2.4375,1.9375,22.0625,1
17,1,170,252,2,5,4.5625,0.625,26.979166666666657,1
3,4,280,252,2,16,2.875,1.0625,29.770833333333343,1
3,4,174,252,2,18,11.625,1.625,23.625,1
1,3,425,236,2,21,1.0,3.6875,7.979166666666686,1
4,28,2166,213,1,5,30.9375,22.6875,44.83333333333334,1
13,15,619,249,1,0,1.3125,5.5,1.5208333333333428,1
10,22,271,248,1,7,3.3125,0.375,3.020833333333343,1
4,13,752,245,1,2,5.6875,5.5625,11.916666666666686,1
15,16,1049,246,1,0,0.625,7.8125,2.6875,1
12,15,692,245,1,7,2.75,3.125,11.583333333333343,1
6,13,1321,241,1,2,4.1875,8.75,10.8125,1
0,2,1791,228,2,29,13.5,27.6875,53.604166666666686,1
10,5,1515,228,2,23,5.8125,22.0625,52.10416666666666,1
5,1,1903,226,2,31,21.6875,19.4375,53.875,1
3,2,1646,225,2,26,11.3125,21.125,53.6875,1
0,29,2338,212,1,25,37.125,26.6875,46.4375,1
6,1,1284,226,2,38,1.5,17.75,51.875,1
3,4,1862,220,1,20,21.125,15.1875,53.27083333333334,1
20,15,2143,225,1,24,17.4375,3.0625,34.958333333333314,1
18,11,1915,223,1,24,12.8125,0.0625,34.72916666666666,1
36,16,2120,224,1,25,20.0625,3.75,36.89583333333334,1
9,2,46,207,2,1,3.3125,2.125,2.145833333333343,1
0,7,268,205,2,15,0.3125,4.5625,4.479166666666657,1
7,2,260,207,2,17,5.875,5.125,2.0208333333333144,1
9,0,72,207,2,23,4.0625,3.0,0.020833333333342807,1
11,2,170,205,2,6,0.375,2.6875,3.979166666666657,1
8,31,2004,213,1,1,22.6875,20.9375,42.39583333333334,1
2,3,362,207,2,28,7.375,5.6875,0.4166666666666856,1
1,12,55,206,2,8,5.9375,6.625,2.729166666666657,1
7,21,150,206,2,13,7.0,10.1875,5.145833333333314,1
5,4,19,206,2,0,3.125,7.375,2.604166666666657,1
1,12,266,206,2,16,1.6875,4.375,0.7708333333333428,1
7,17,215,206,2,15,5.0,5.4375,3.916666666666657,1
6,3,309,206,2,9,1.0625,4.75,1.5,1
4,2,1172,249,1,29,11.75,6.8125,28.416666666666686,1
3,6,1035,248,1,59,20.75,0.875,35.5,1
4,4,1030,248,1,10,1.125,9.3125,15.666666666666657,1
30,3,1387,241,2,69,13.3125,5.8125,8.208333333333343,1
14,0,819,251,1,9,1.8125,13.375,13.958333333333343,1
2,0,764,250,1,37,11.0625,8.0625,22.270833333333343,1
4,8,692,250,2,14,8.625,13.6875,2.0,1
1,11,1546,251,2,2,7.9375,0.3125,17.666666666666657,1
2,14,1618,251,2,11,5.1875,4.1875,19.770833333333343,1
5,9,1302,251,2,5,9.75,0.25,11.395833333333343,1
3,1,1456,251,2,9,10.9375,6.1875,13.770833333333343,1
9,2,1545,251,2,7,4.8125,10.5,18.583333333333314,1
0,3,1267,251,2,1,13.6875,5.25,6.145833333333343,1
2,2,97,249,2,26,9.9375,3.9375,24.6875,1
17,16,718,241,2,71,13.8125,5.8125,10.916666666666671,1
6,1,675,247,2,63,14.875,4.625,31.625,1
8,1,536,249,2,19,1.625,5.1875,17.25,1
3,2,835,252,2,4,5.0,14.25,33.20833333333333,1
1,0,1486,251,2,16,11.0,13.5625,37.10416666666667,1
12,4,348,250,2,6,1.8125,13.75,28.749999999999986,1
16,58,3491,244,3,80,34.3125,20.9375,70.77083333333334,1
20,58,3686,243,3,32,32.9375,18.25,67.875,1
6,58,3036,241,3,117,34.0,16.5625,72.875,1
15,3,1854,190,2,21,11.25,12.5,34.166666666666686,1
10,2,1509,189,2,14,7.625,10.5625,34.0625,1
34,9,1868,241,2,45,11.0625,5.0,7.1875,1
30,6,2047,188,2,30,15.0625,8.5,33.0,1
4,2,61,250,2,13,8.625,4.125,16.979166666666657,1
3,4,73,248,2,23,12.3125,13.0625,21.791666666666686,1
4,2,19,250,2,8,4.5,3.5,8.270833333333343,1
4,10,643,248,1,13,4.4375,1.1875,4.020833333333314,1
7,6,450,248,1,24,6.5625,4.75,2.3541666666666856,1
3,14,703,247,1,4,2.0625,1.3125,14.75,1
1,14,3144,218,1,54,6.5625,25.6875,76.72916666666666,1
4,15,2733,216,1,46,4.5625,22.4375,71.95833333333331,1
21,13,3236,217,1,57,10.4375,21.9375,73.77083333333331,1
6,5,282,241,2,5,3.6875,0.625,21.25,1
1,20,2577,232,2,60,9.25,15.125,50.0625,1
2,10,2770,228,2,57,13.25,20.875,56.95833333333334,1
8,20,2238,229,2,55,7.4375,15.875,37.937499999999986,1
3,24,2782,232,2,53,8.5625,17.0625,49.85416666666667,1
4,18,3034,228,2,61,12.3125,22.9375,57.04166666666666,1
1,25,2338,228,2,35,7.6875,18.0625,37.89583333333333,1
23,1,4625,252,1,16,4.0,12.25,27.229166666666657,1
2,7,727,233,2,36,4.75,0.3125,5.208333333333314,1
40,1,756,248,2,52,13.0625,21.0,5.770833333333343,1
20,1,4400,251,1,20,7.9375,11.5,28.1875,1
19,1,4543,252,2,9,0.75,15.25,22.104166666666686,1
2,9,160,207,2,23,9.0,7.9375,1.9166666666666856,1
5,9,34,205,2,22,2.9375,10.5625,2.9375,1
0,7,392,206,2,20,14.375,8.8125,5.333333333333343,1
52,4,617,242,2,56,12.125,10.625,18.37500000000003,1
4,6,570,241,2,68,19.75,15.5625,19.8125,1
21,1,564,240,2,30,6.0625,11.875,14.791666666666657,1
50,1,2269,208,2,35,18.125,1.25,35.895833333333314,1
61,1,1968,206,2,34,12.9375,0.375,35.6875,1
26,1,685,248,2,16,4.25,23.1875,7.3125,1
60,6,2277,206,2,34,22.5625,2.125,36.64583333333334,1
75,1,2815,208,2,33,17.5,4.375,36.14583333333334,1
67,1,2483,205,2,29,11.5625,3.1875,35.60416666666666,1
77,1,2831,205,2,35,21.875,0.3125,36.89583333333334,1
9,17,1443,246,2,35,5.6875,11.3125,19.375,1
5,7,1602,246,2,29,8.25,12.4375,26.4375,1
10,10,1001,244,1,23,0.125,4.0,50.124999999999986,1
1,11,1124,243,1,4,3.8125,0.0625,57.39583333333333,1
5,10,891,242,1,30,6.0,7.5625,31.687499999999986,1
2,1,1073,232,2,1,3.3125,11.8125,39.4375,1
3,1,955,230,2,9,0.25,6.625,36.04166666666666,1
5,3,663,253,2,7,17.3125,5.625,26.729166666666686,1
12,1,1328,230,2,13,8.75,9.6875,36.979166666666686,1
6,0,1016,242,2,12,9.125,0.0625,21.291666666666686,1
30,1,1269,241,2,9,11.625,0.0625,19.9375,1
5,1,786,241,2,14,7.4375,0.0,19.770833333333314,1
1,4,2364,243,1,42,1.5625,2.4375,44.3125,1
10,1,2047,242,1,79,6.9375,3.0625,42.875,1
23,4,2663,243,1,17,7.5,4.3125,42.5625,1
15,6,590,254,3,56,8.375,22.4375,39.6875,1
5,11,215,253,3,24,8.5,21.25,38.708333333333314,1
10,3,1019,253,3,56,9.375,22.5,36.708333333333314,1
1,8,899,253,2,22,17.4375,6.9375,23.479166666666657,1
12,26,253,201,3,2,15.875,0.875,4.791666666666657,1
5,12,365,200,3,19,18.8125,2.75,6.0625,1
2,25,60,198,3,8,8.875,4.625,4.333333333333314,1
2,26,119,202,3,12,12.25,0.5625,7.9375,1
2,22,449,201,3,36,16.3125,2.625,9.416666666666657,1
8,22,69,199,3,4,5.125,4.0,4.645833333333314,1
3,3,400,233,2,25,7.625,6.1875,32.937499999999986,1
3,2,969,231,2,45,4.375,6.625,31.479166666666657,1
0,4,138,232,2,4,11.6875,8.0,29.70833333333333,1
4,4,2451,250,2,112,26.25,43.0,71.41666666666669,1
13,10,1420,252,2,22,15.1875,8.5625,25.4375,1
6,5,2239,250,2,86,20.0,36.25,62.5625,1
18,3,2348,250,2,112,31.0,42.1875,77.0625,1
32,22,1416,197,1,36,8.375,0.5,18.479166666666657,1
40,31,1016,195,1,4,5.125,0.625,15.854166666666657,1
67,17,1727,197,1,63,11.8125,0.1875,21.520833333333343,1
55,30,1881,198,1,36,8.1875,0.8125,19.083333333333314,1
41,31,1328,196,1,1,4.5625,0.5625,17.1875,1
54,16,2044,198,1,63,10.6875,0.0625,18.8125,1
36,26,3379,234,1,17,7.1875,8.75,40.81250000000003,1
26,8,3175,232,2,24,0.6875,6.0,37.89583333333334,1
23,7,254,232,2,0,6.25,1.5,12.333333333333314,1
9,6,430,252,2,18,17.5625,5.8125,21.395833333333314,1
21,33,3139,233,1,13,14.6875,2.5625,41.041666666666686,1
3,1,1255,254,2,26,8.5,7.375,36.5,1
11,1,1508,253,2,16,6.9375,12.125,32.333333333333314,1
13,3,1053,253,2,35,12.125,6.875,39.95833333333334,1
0,3,866,245,2,11,3.5,4.125,14.5625,1
5,8,520,217,2,10,0.375,7.75,3.375,1
5,3,1401,183,2,35,8.9375,9.5,22.666666666666657,1
6,1,1370,185,2,4,8.125,11.25,22.5625,1
9,2,1056,184,2,24,5.875,8.75,18.416666666666657,1
3,1,1596,183,2,26,8.5,9.375,25.77083333333333,1
12,1,3176,250,2,28,11.875,1.375,45.89583333333333,1
8,2,3430,250,2,38,17.0625,6.8125,51.20833333333333,1
5,1,2631,250,2,11,8.25,2.0625,36.52083333333333,1
3,11,4010,251,2,38,19.1875,10.0,57.562499999999986,1
5,17,4156,250,2,45,26.3125,17.0,61.187499999999986,1
6,8,3534,250,2,34,13.6875,7.125,49.72916666666667,1
0,2,57,217,2,45,3.0,11.0625,5.958333333333343,1
2,1,637,251,2,2,6.8125,6.75,10.729166666666671,1
2,6,1083,251,2,11,7.375,3.125,18.25,1
5,3,65,251,2,19,4.625,9.375,2.541666666666657,1
2,1,1257,236,2,1,1.6875,17.3125,1.0,1
1,12,1221,236,2,16,3.0625,13.25,0.9375,1
13,0,1202,235,2,20,2.625,12.125,4.0,1
14,2,1501,236,2,22,1.8125,16.75,4.770833333333314,1
1,9,1391,236,2,41,3.125,13.0,3.4583333333333144,1
17,1,1472,235,2,10,2.375,12.0625,1.5625,1
0,24,127,109,1,7,5.875,3.25,2.645833333333343,1
15,3,363,217,2,59,7.25,15.5625,7.041666666666657,1
1,22,126,108,1,6,4.3125,2.625,4.6875,1
2,20,98,108,1,2,7.8125,3.0,1.6041666666666714,1
45,3,1739,234,3,2,2.25,12.25,27.333333333333314,1
37,0,1625,232,3,8,5.5625,8.0625,25.6875,1
50,6,1494,232,3,14,2.25,9.25,29.229166666666686,1
3,5,688,240,2,14,6.75,2.8125,59.08333333333333,1
5,11,407,240,2,18,11.5625,6.4375,58.625,1
15,9,640,240,2,9,3.125,2.625,42.39583333333334,1
0,19,8,252,1,11,5.9375,6.0,3.9166666666666856,1
7,19,88,251,1,12,2.0,1.8125,5.916666666666657,1
14,4,285,217,2,15,0.125,10.625,5.041666666666657,1
6,17,132,252,1,25,12.5,2.6875,8.458333333333343,1
0,18,151,252,1,3,3.1875,5.125,9.041666666666657,1
6,8,977,245,2,35,8.125,3.5,25.1875,1
4,7,422,245,2,7,3.75,1.3125,12.520833333333314,1
1,3,1355,245,2,25,5.5,0.5,24.229166666666657,1
5,2,1543,245,2,41,7.75,3.6875,27.791666666666657,1
7,2,901,245,2,2,3.75,1.8125,15.958333333333314,1
64,31,1507,239,3,0,2.375,1.5625,3.7291666666666856,1
64,32,1810,238,3,6,6.5625,0.6875,0.4166666666666572,1
54,26,18,253,1,2,5.8125,0.0625,5.770833333333343,1
39,30,1232,239,3,7,3.875,2.875,1.9791666666666572,1
35,0,238,245,1,29,6.875,3.875,12.416666666666657,1
26,0,62,244,1,8,1.25,8.0,8.583333333333343,1
18,2,525,244,1,61,11.1875,2.8125,16.0,1
19,1,393,245,1,19,5.5625,9.4375,19.145833333333314,1
25,1,275,244,1,24,2.0,11.125,18.604166666666686,1
33,0,554,244,1,56,8.625,7.5,20.4375,1
29,9,1980,217,1,59,11.9375,31.75,66.4375,1
30,10,1480,215,1,44,8.25,30.0,66.125,1
40,1,2079,215,2,59,19.625,29.75,68.22916666666666,1
4,7,1581,232,2,36,11.125,2.5,43.89583333333334,1
20,9,261,156,3,26,12.625,18.875,11.270833333333329,1
24,4,407,155,3,37,12.625,19.5,12.395833333333329,1
17,14,25,155,3,18,11.125,17.5,10.395833333333343,1
2,25,1273,145,1,2,0.9375,0.75,8.354166666666657,1
3,16,1181,143,1,14,1.1875,0.4375,7.000000000000014,1
6,26,1243,144,1,22,2.625,0.625,6.541666666666657,1
3,30,998,143,1,1,3.8125,2.375,7.895833333333343,1
4,21,1070,142,1,13,5.625,1.0,9.083333333333329,1
2,31,845,142,1,11,0.8125,2.25,6.708333333333329,1
6,2,1084,232,3,16,17.0,17.875,28.333333333333343,1
22,12,1530,231,2,17,10.0,1.375,42.41666666666666,1
13,0,1145,231,3,30,24.4375,14.0,24.770833333333343,1
2,1,723,229,3,6,8.25,20.5,26.354166666666686,1
4,2,1441,233,3,20,15.4375,22.25,34.645833333333314,1
39,0,1440,232,3,30,20.8125,18.625,30.541666666666686,1
19,2,1168,229,3,8,9.5,23.4375,31.333333333333343,1
2,3,1143,234,1,32,11.3125,10.0625,34.08333333333333,1
1,5,1297,233,1,34,8.9375,6.75,39.10416666666667,1
7,1,832,233,1,27,13.375,8.9375,23.8125,1
5,10,348,244,2,25,2.5,2.4375,33.35416666666666,1
3,0,128,244,2,16,0.6875,1.125,29.8125,1
11,4,1708,231,2,56,13.5625,4.5,44.10416666666666,1
20,8,523,244,2,32,8.25,1.875,35.458333333333314,1
3,11,608,244,2,25,2.1875,9.625,34.145833333333314,1
4,3,382,244,2,11,1.125,6.8125,32.041666666666686,1
4,8,715,244,2,35,7.25,6.0,35.875,1
11,2,549,227,2,13,8.5625,4.625,9.8125,1
4,0,364,252,1,14,4.4375,15.75,7.625,1
1,0,746,252,1,20,3.875,11.8125,15.6875,1
4,3,34,251,2,38,2.1875,14.0625,3.375,1
1,0,76,252,1,21,5.125,13.5625,7.604166666666686,1
7,2,481,252,1,16,4.0625,9.625,15.166666666666657,1
7,1,221,251,2,49,3.75,12.9375,0.6666666666666572,1
6,2,2559,242,2,17,3.375,28.875,68.97916666666669,1
